init,r,r_error,additive_error,time,crps,scale
100,0,0,1,1,0.028130094440851242,log
100,0,0,1,2,0.1541386120718617,log
100,0,0,1,3,0.023380081487531318,log
100,0,0,1,4,0.05048536051717085,log
100,0,0,10,1,0.27868182500122474,log
100,0,0,10,2,0.4549033573462058,log
100,0,0,10,3,0.23967356880903196,log
100,0,0,10,4,0.16603881003788531,log
100,0,0,-1,1,0.025881626919183758,log
100,0,0,-1,2,0.10857324428792114,log
100,0,0,-1,3,0.037928328885736363,log
100,0,0,-1,4,0.09053566771459333,log
100,0,0,-10,1,0.06991142907000458,log
100,0,0,-10,2,0.041395166058422035,log
100,0,0,-10,3,0.10050593180316826,log
100,0,0,-10,4,0.17467220593143046,log
100,0,0.01,0,1,0.026019998658093665,log
100,0,0.01,0,2,0.15749826783626236,log
100,0,0.01,0,3,0.024222208990480408,log
100,0,0.01,0,4,0.05013033070074676,log
100,0,0.01,1,1,0.03795938251387268,log
100,0,0.01,1,2,0.19398461333692604,log
100,0,0.01,1,3,0.024384072167340537,log
100,0,0.01,1,4,0.029789781609386914,log
100,0,0.01,10,1,0.3092101683244039,log
100,0,0.01,10,2,0.488369250969249,log
100,0,0.01,10,3,0.27036716368140673,log
100,0,0.01,10,4,0.19535626730120947,log
100,0,0.01,-1,1,0.024164386493342238,log
100,0,0.01,-1,2,0.11789242550203742,log
100,0,0.01,-1,3,0.03161559205746666,log
100,0,0.01,-1,4,0.07555146966326053,log
100,0,0.01,-10,1,0.06336705278191236,log
100,0,0.01,-10,2,0.04808084789951288,log
100,0,0.01,-10,3,0.09583086280187218,log
100,0,0.01,-10,4,0.16406901092552847,log
100,0,0.025,0,1,0.056309162563669544,log
100,0,0.025,0,2,0.21981267661560436,log
100,0,0.025,0,3,0.033522049551687874,log
100,0,0.025,0,4,0.023743553130415554,log
100,0,0.025,1,1,0.07652466642753974,log
100,0,0.025,1,2,0.2556025084312511,log
100,0,0.025,1,3,0.053235921667610916,log
100,0,0.025,1,4,0.022388687522588317,log
100,0,0.025,10,1,0.34637180999800066,log
100,0,0.025,10,2,0.5328899592544478,log
100,0,0.025,10,3,0.31506690605186416,log
100,0,0.025,10,4,0.23472920242340778,log
100,0,0.025,-1,1,0.037724255279748195,log
100,0,0.025,-1,2,0.1763893702892008,log
100,0,0.025,-1,3,0.023105482186456725,log
100,0,0.025,-1,4,0.04081373016831658,log
100,0,0.025,-10,1,0.05087891553766734,log
100,0,0.025,-10,2,0.05302015500059297,log
100,0,0.025,-10,3,0.081082146528383775,log
100,0,0.025,-10,4,0.14993466149532342,log
100,0,0.05,0,1,0.13749304852539107,log
100,0,0.05,0,2,0.3206895310780879,log
100,0,0.05,0,3,0.10027482380070826,log
100,0,0.05,0,4,0.045240286827121244,log
100,0,0.05,1,1,0.16768973319813288,log
100,0,0.05,1,2,0.3531097459927137,log
100,0,0.05,1,3,0.13025717807513512,log
100,0,0.05,1,4,0.06548066617649936,log
100,0,0.05,10,1,0.43159592310845846,log
100,0,0.05,10,2,0.6141992895736714,log
100,0,0.05,10,3,0.38812787141229405,log
100,0,0.05,10,4,0.31249895829200375,log
100,0,0.05,-1,1,0.11004769000747706,log
100,0,0.05,-1,2,0.2872154239264621,log
100,0,0.05,-1,3,0.07292363764210107,log
100,0,0.05,-1,4,0.030695519626982633,log
100,0,0.05,-10,1,0.038080975928425645,log
100,0,0.05,-10,2,0.07569711228717987,log
100,0,0.05,-10,3,0.06310273965163482,log
100,0,0.05,-10,4,0.12003694461204861,log
100,0,0.1,0,1,0.3394387842743982,log
100,0,0.1,0,2,0.5272924208427651,log
100,0,0.1,0,3,0.3025459726807176,log
100,0,0.1,0,4,0.2295439149686989,log
100,0,0.1,1,1,0.3732353526367925,log
100,0,0.1,1,2,0.5460602921925489,log
100,0,0.1,1,3,0.3268677518632811,log
100,0,0.1,1,4,0.2518376320432779,log
100,0,0.1,10,1,0.578040402310618,log
100,0,0.1,10,2,0.7725392222851267,log
100,0,0.1,10,3,0.5404048889602487,log
100,0,0.1,10,4,0.47628568719053554,log
100,0,0.1,-1,1,0.3164305116330871,log
100,0,0.1,-1,2,0.498651622093118,log
100,0,0.1,-1,3,0.27766835798345624,log
100,0,0.1,-1,4,0.20255972846064077,log
100,0,0.1,-10,1,0.0405610593652403,log
100,0,0.1,-10,2,0.2017565185325077,log
100,0,0.1,-10,3,0.030574822169702087,log
100,0,0.1,-10,4,0.028050642444564976,log
100,0,-0.01,0,1,0.025202113143543477,log
100,0,-0.01,0,2,0.10898375360170703,log
100,0,-0.01,0,3,0.04016659992444352,log
100,0,-0.01,0,4,0.08558226894029608,log
100,0,-0.01,1,1,0.023295112660279733,log
100,0,-0.01,1,2,0.1155594010216146,log
100,0,-0.01,1,3,0.03486638849809569,log
100,0,-0.01,1,4,0.07912787195672172,log
100,0,-0.01,10,1,0.24023572106510127,log
100,0,-0.01,10,2,0.43152739343796453,log
100,0,-0.01,10,3,0.20763638246318727,log
100,0,-0.01,10,4,0.1331615070991329,log
100,0,-0.01,-1,1,0.02923232453943107,log
100,0,-0.01,-1,2,0.10237431859333224,log
100,0,-0.01,-1,3,0.040920090915305324,log
100,0,-0.01,-1,4,0.09926901449148659,log
100,0,-0.01,-10,1,0.07934874083689422,log
100,0,-0.01,-10,2,0.03761212974908392,log
100,0,-0.01,-10,3,0.11674428318835393,log
100,0,-0.01,-10,4,0.18456468562710632,log
100,0,-0.025,0,1,0.030868374831807065,log
100,0,-0.025,0,2,0.0939243313885623,log
100,0,-0.025,0,3,0.04612022545952323,log
100,0,-0.025,0,4,0.10082729450373627,log
100,0,-0.025,1,1,0.025327009624995404,log
100,0,-0.025,1,2,0.0998255365486697,log
100,0,-0.025,1,3,0.03938336728345356,log
100,0,-0.025,1,4,0.09123235391677582,log
100,0,-0.025,10,1,0.20351013678336569,log
100,0,-0.025,10,2,0.3899084816714204,log
100,0,-0.025,10,3,0.16977262342037822,log
100,0,-0.025,10,4,0.09651452117330359,log
100,0,-0.025,-1,1,0.030415895208788506,log
100,0,-0.025,-1,2,0.08637550342449843,log
100,0,-0.025,-1,3,0.05014385541453146,log
100,0,-0.025,-1,4,0.10940680999102533,log
100,0,-0.025,-10,1,0.09873541977972343,log
100,0,-0.025,-10,2,0.029355731320385624,log
100,0,-0.025,-10,3,0.13003628590776353,log
100,0,-0.025,-10,4,0.20063812052341087,log
100,0,-0.05,0,1,0.03871408586328001,log
100,0,-0.05,0,2,0.07453219646895617,log
100,0,-0.05,0,3,0.061356872013081785,log
100,0,-0.05,0,4,0.12358981464233879,log
100,0,-0.05,1,1,0.0337101706691999,log
100,0,-0.05,1,2,0.08880844063257548,log
100,0,-0.05,1,3,0.04972849660793504,log
100,0,-0.05,1,4,0.1159282235547897,log
100,0,-0.05,10,1,0.13055985762168873,log
100,0,-0.05,10,2,0.31572013476670835,log
100,0,-0.05,10,3,0.09813535102670638,log
100,0,-0.05,10,4,0.043958993646790546,log
100,0,-0.05,-1,1,0.044007798925287146,log
100,0,-0.05,-1,2,0.07061470821311361,log
100,0,-0.05,-1,3,0.07061693537090623,log
100,0,-0.05,-1,4,0.12611067229888623,log
100,0,-0.05,-10,1,0.1160282493084226,log
100,0,-0.05,-10,2,0.02646994222451275,log
100,0,-0.05,-10,3,0.1606875667730098,log
100,0,-0.05,-10,4,0.2236189497813185,log
100,0,-0.1,0,1,0.06896419660107503,log
100,0,-0.1,0,2,0.044709695768359675,log
100,0,-0.1,0,3,0.09667269117019683,log
100,0,-0.1,0,4,0.1670772157997738,log
100,0,-0.1,1,1,0.06172064361361989,log
100,0,-0.1,1,2,0.050001859354863565,log
100,0,-0.1,1,3,0.08986166054335917,log
100,0,-0.1,1,4,0.16393344126244244,log
100,0,-0.1,10,1,0.035699749546295734,log
100,0,-0.1,10,2,0.18326935613672782,log
100,0,-0.1,10,3,0.02548241201648879,log
100,0,-0.1,10,4,0.03617828059644169,log
100,0,-0.1,-1,1,0.07757943797872127,log
100,0,-0.1,-1,2,0.03819469903918105,log
100,0,-0.1,-1,3,0.10934428609248292,log
100,0,-0.1,-1,4,0.1824740916291197,log
100,0,-0.1,-10,1,0.16552155304134125,log
100,0,-0.1,-10,2,0.03234606682010387,log
100,0,-0.1,-10,3,0.20547030596390747,log
100,0,-0.1,-10,4,0.27939578942656235,log
100,0.01,0,1,1,0.04826214537075176,log
100,0.01,0,1,2,0.09007299805272996,log
100,0.01,0,1,3,0.13733401748305835,log
100,0.01,0,1,4,0.03521070854002284,log
100,0.01,0,10,1,0.325393992134685,log
100,0.01,0,10,2,0.38128961229093883,log
100,0.01,0,10,3,0.4379756580964272,log
100,0.01,0,10,4,0.29959231449267576,log
100,0.01,0,-1,1,0.025222367622648165,log
100,0.01,0,-1,2,0.03658357483932355,log
100,0.01,0,-1,3,0.07023865425666777,log
100,0.01,0,-1,4,0.02408176949513483,log
100,0.01,0,-10,1,0.05217608462685331,log
100,0.01,0,-10,2,0.028387697279426284,log
100,0.01,0,-10,3,0.025866280980340054,log
100,0.01,0,-10,4,0.07055987218957722,log
100,0.01,0.01,0,1,0.052306966838084674,log
100,0.01,0.01,0,2,0.09054942000719103,log
100,0.01,0.01,0,3,0.14688523266386397,log
100,0.01,0.01,0,4,0.034157040160044234,log
100,0.01,0.01,1,1,0.07861918807789485,log
100,0.01,0.01,1,2,0.12487555510228646,log
100,0.01,0.01,1,3,0.17338461009272702,log
100,0.01,0.01,1,4,0.05463586375061618,log
100,0.01,0.01,10,1,0.36093933955099206,log
100,0.01,0.01,10,2,0.4071014895843888,log
100,0.01,0.01,10,3,0.46341463237686326,log
100,0.01,0.01,10,4,0.3187495616300813,log
100,0.01,0.01,-1,1,0.03501282219750375,log
100,0.01,0.01,-1,2,0.0598925349659864,log
100,0.01,0.01,-1,3,0.1039866703575122,log
100,0.01,0.01,-1,4,0.02535651092943922,log
100,0.01,0.01,-10,1,0.04836157423328912,log
100,0.01,0.01,-10,2,0.025977113211258833,log
100,0.01,0.01,-10,3,0.029410702458001203,log
100,0.01,0.01,-10,4,0.0649518791290666,log
100,0.01,0.025,0,1,0.09973417046542395,log
100,0.01,0.025,0,2,0.14935843266440632,log
100,0.01,0.025,0,3,0.19986254085349803,log
100,0.01,0.025,0,4,0.0699744052234854,log
100,0.01,0.025,1,1,0.1272419091023166,log
100,0.01,0.025,1,2,0.1803222132382501,log
100,0.01,0.025,1,3,0.23343166729284065,log
100,0.01,0.025,1,4,0.10638886720872463,log
100,0.01,0.025,10,1,0.398409621912078,log
100,0.01,0.025,10,2,0.45152975537629875,log
100,0.01,0.025,10,3,0.5087778037110933,log
100,0.01,0.025,10,4,0.36829777568889116,log
100,0.01,0.025,-1,1,0.06848357412722689,log
100,0.01,0.025,-1,2,0.11262034223312081,log
100,0.01,0.025,-1,3,0.16409085118981376,log
100,0.01,0.025,-1,4,0.05012652221185862,log
100,0.01,0.025,-10,1,0.03763743649805112,log
100,0.01,0.025,-10,2,0.02505391752319523,log
100,0.01,0.025,-10,3,0.0338192129721401,log
100,0.01,0.025,-10,4,0.054219467483039026,log
100,0.01,0.05,0,1,0.19490899480386767,log
100,0.01,0.05,0,2,0.24699122214891006,log
100,0.01,0.05,0,3,0.29856379101799474,log
100,0.01,0.05,0,4,0.1666817287987126,log
100,0.01,0.05,1,1,0.2286196021996046,log
100,0.01,0.05,1,2,0.27808998631682086,log
100,0.01,0.05,1,3,0.3307772294878347,log
100,0.01,0.05,1,4,0.19683919109617282,log
100,0.01,0.05,10,1,0.47804654323975887,log
100,0.01,0.05,10,2,0.531912920305749,log
100,0.01,0.05,10,3,0.5837819842258224,log
100,0.01,0.05,10,4,0.4447235507417066,log
100,0.01,0.05,-1,1,0.1610491734786962,log
100,0.01,0.05,-1,2,0.21383940596187598,log
100,0.01,0.05,-1,3,0.26719556213918344,log
100,0.01,0.05,-1,4,0.13576804861271433,log
100,0.01,0.05,-10,1,0.02698836597757073,log
100,0.01,0.05,-10,2,0.024728742619830466,log
100,0.01,0.05,-10,3,0.04713629484931975,log
100,0.01,0.05,-10,4,0.035759103850645096,log
100,0.01,0.1,0,1,0.39984803551465503,log
100,0.01,0.1,0,2,0.45249311746097065,log
100,0.01,0.1,0,3,0.5080232223512459,log
100,0.01,0.1,0,4,0.37692478357241604,log
100,0.01,0.1,1,1,0.42738740664938235,log
100,0.01,0.1,1,2,0.4756366628973192,log
100,0.01,0.1,1,3,0.5325251394745973,log
100,0.01,0.1,1,4,0.3962871028723577,log
100,0.01,0.1,10,1,0.642761564797438,log
100,0.01,0.1,10,2,0.6893988998034531,log
100,0.01,0.1,10,3,0.7405260186352342,log
100,0.01,0.1,10,4,0.6105433100410951,log
100,0.01,0.1,-1,1,0.37205358380817105,log
100,0.01,0.1,-1,2,0.4279419978930232,log
100,0.01,0.1,-1,3,0.477232126653625,log
100,0.01,0.1,-1,4,0.34474158295698004,log
100,0.01,0.1,-10,1,0.10043035188631562,log
100,0.01,0.1,-10,2,0.144910530216363,log
100,0.01,0.1,-10,3,0.20617556485205346,log
100,0.01,0.1,-10,4,0.0788079747801273,log
100,0.01,-0.01,0,1,0.02445734164851699,log
100,0.01,-0.01,0,2,0.03418580528470702,log
100,0.01,-0.01,0,3,0.06631015187912578,log
100,0.01,-0.01,0,4,0.02478270105459869,log
100,0.01,-0.01,1,1,0.034679899083805296,log
100,0.01,-0.01,1,2,0.05915357567498123,log
100,0.01,-0.01,1,3,0.10108742500358231,log
100,0.01,-0.01,1,4,0.024003916203565876,log
100,0.01,-0.01,10,1,0.29557902275729286,log
100,0.01,-0.01,10,2,0.3449693495404708,log
100,0.01,-0.01,10,3,0.4075343694427931,log
100,0.01,-0.01,10,4,0.2645428371420698,log
100,0.01,-0.01,-1,1,0.023500608673045795,log
100,0.01,-0.01,-1,2,0.030252767779494056,log
100,0.01,-0.01,-1,3,0.06410421185004161,log
100,0.01,-0.01,-1,4,0.028187064286848335,log
100,0.01,-0.01,-10,1,0.061470632156560914,log
100,0.01,-0.01,-10,2,0.0300805682454681,log
100,0.01,-0.01,-10,3,0.024815305918542942,log
100,0.01,-0.01,-10,4,0.08128013250184064,log
100,0.01,-0.025,0,1,0.02326810563974594,log
100,0.01,-0.025,0,2,0.03227162952530398,log
100,0.01,-0.025,0,3,0.0611981344879071,log
100,0.01,-0.025,0,4,0.027307866022312704,log
100,0.01,-0.025,1,1,0.0223695315373624,log
100,0.01,-0.025,1,2,0.03271715417267816,log
100,0.01,-0.025,1,3,0.06745384010926998,log
100,0.01,-0.025,1,4,0.026137803894310602,log
100,0.01,-0.025,10,1,0.2539344800190011,log
100,0.01,-0.025,10,2,0.3054816803439931,log
100,0.01,-0.025,10,3,0.35694229911016684,log
100,0.01,-0.025,10,4,0.21948516254480419,log
100,0.01,-0.025,-1,1,0.024866265205263964,log
100,0.01,-0.025,-1,2,0.030899564089644227,log
100,0.01,-0.025,-1,3,0.05398309389545079,log
100,0.01,-0.025,-1,4,0.03413912077582243,log
100,0.01,-0.025,-10,1,0.07391198829537593,log
100,0.01,-0.025,-10,2,0.041248615179239785,log
100,0.01,-0.025,-10,3,0.02633477482701677,log
100,0.01,-0.025,-10,4,0.09511460936039716,log
100,0.01,-0.05,0,1,0.029463468225332985,log
100,0.01,-0.05,0,2,0.024579258348659865,log
100,0.01,-0.05,0,3,0.04510774869938218,log
100,0.01,-0.05,0,4,0.03786563028230041,log
100,0.01,-0.05,1,1,0.026797870231240962,log
100,0.01,-0.05,1,2,0.02802517845754976,log
100,0.01,-0.05,1,3,0.048997135808652,log
100,0.01,-0.05,1,4,0.03662170358439137,log
100,0.01,-0.05,10,1,0.183121901623463,log
100,0.01,-0.05,10,2,0.23242803286016425,log
100,0.01,-0.05,10,3,0.2890445036722243,log
100,0.01,-0.05,10,4,0.15028651350880806,log
100,0.01,-0.05,-1,1,0.03130215491474083,log
100,0.01,-0.05,-1,2,0.02434276407781559,log
100,0.01,-0.05,-1,3,0.0377123266514663,log
100,0.01,-0.05,-1,4,0.04559592372562279,log
100,0.01,-0.05,-10,1,0.09302487829345553,log
100,0.01,-0.05,-10,2,0.057095262964842804,log
100,0.01,-0.05,-10,3,0.02886415786032064,log
100,0.01,-0.05,-10,4,0.1181064612580006,log
100,0.01,-0.1,0,1,0.04812451690274519,log
100,0.01,-0.1,0,2,0.027706363432077274,log
100,0.01,-0.1,0,3,0.02776617573253812,log
100,0.01,-0.1,0,4,0.0664244473341572,log
100,0.01,-0.1,1,1,0.04237174734903798,log
100,0.01,-0.1,1,2,0.02850084927738818,log
100,0.01,-0.1,1,3,0.029883732487180716,log
100,0.01,-0.1,1,4,0.06303158632596234,log
100,0.01,-0.1,10,1,0.061026176210130706,log
100,0.01,-0.1,10,2,0.1064422897221187,log
100,0.01,-0.1,10,3,0.1524420909627788,log
100,0.01,-0.1,10,4,0.043635152817238614,log
100,0.01,-0.1,-1,1,0.0561442584544436,log
100,0.01,-0.1,-1,2,0.031087803640889988,log
100,0.01,-0.1,-1,3,0.024469677687864882,log
100,0.01,-0.1,-1,4,0.07810206635703401,log
100,0.01,-0.1,-10,1,0.13670795051166443,log
100,0.01,-0.1,-10,2,0.09238960374263215,log
100,0.01,-0.1,-10,3,0.05389714523860217,log
100,0.01,-0.1,-10,4,0.1698487614565262,log
100,0.1,0,1,1,0.10577698536426963,log
100,0.1,0,1,2,0.021489913299855348,log
100,0.1,0,1,3,0.01996685246645525,log
100,0.1,0,1,4,0.018545451829561826,log
100,0.1,0,10,1,0.04104934887561895,log
100,0.1,0,10,2,0.1889548232025076,log
100,0.1,0,10,3,0.16039645815487613,log
100,0.1,0,10,4,0.17312772798340761,log
100,0.1,0,-1,1,0.1548223392901228,log
100,0.1,0,-1,2,0.02584962396990607,log
100,0.1,0,-1,3,0.03894123941464157,log
100,0.1,0,-1,4,0.03161662137254999,log
100,0.1,0,-10,1,0.4382214821227196,log
100,0.1,0,-10,2,0.2691782136799307,log
100,0.1,0,-10,3,0.30363868865493127,log
100,0.1,0,-10,4,0.2789389898937225,log
100,0.1,0.01,0,1,0.08809340887548506,log
100,0.1,0.01,0,2,0.025246444996763782,log
100,0.1,0.01,0,3,0.01887905605799877,log
100,0.1,0.01,0,4,0.0205705739118085,log
100,0.1,0.01,1,1,0.07061124017304858,log
100,0.1,0.01,1,2,0.035028082129581896,log
100,0.1,0.01,1,3,0.020103177624839805,log
100,0.1,0.01,1,4,0.02743128996408931,log
100,0.1,0.01,10,1,0.065213389201489,log
100,0.1,0.01,10,2,0.22296713755439346,log
100,0.1,0.01,10,3,0.1880878063719022,log
100,0.1,0.01,10,4,0.20763550250792717,log
100,0.1,0.01,-1,1,0.11469878947215825,log
100,0.1,0.01,-1,2,0.019036446089886982,log
100,0.1,0.01,-1,3,0.02169625478633344,log
100,0.1,0.01,-1,4,0.019511185761599933,log
100,0.1,0.01,-10,1,0.37872760937837846,log
100,0.1,0.01,-10,2,0.21396694767795457,log
100,0.1,0.01,-10,3,0.24412463475966062,log
100,0.1,0.01,-10,4,0.23415798310278096,log
100,0.1,0.025,0,1,0.04343042190481282,log
100,0.1,0.025,0,2,0.05902611113818795,log
100,0.1,0.025,0,3,0.03491378304670775,log
100,0.1,0.025,0,4,0.04814441434416328,log
100,0.1,0.025,1,1,0.03080990386424869,log
100,0.1,0.025,1,2,0.07811477862932158,log
100,0.1,0.025,1,3,0.049038924288899534,log
100,0.1,0.025,1,4,0.06646524749025673,log
100,0.1,0.025,10,1,0.10977034876433049,log
100,0.1,0.025,10,2,0.2656729402790229,log
100,0.1,0.025,10,3,0.23826054041026026,log
100,0.1,0.025,10,4,0.2529273096430569,log
100,0.1,0.025,-1,1,0.06507474472017497,log
100,0.1,0.025,-1,2,0.04131514228844635,log
100,0.1,0.025,-1,3,0.026435530824408568,log
100,0.1,0.025,-1,4,0.031761081992337147,log
100,0.1,0.025,-10,1,0.30545816422461053,log
100,0.1,0.025,-10,2,0.14029586085690066,log
100,0.1,0.025,-10,3,0.16717613217808905,log
100,0.1,0.025,-10,4,0.15072348351289186,log
100,0.1,0.05,0,1,0.02202857975934496,log
100,0.1,0.05,0,2,0.14732268040950958,log
100,0.1,0.05,0,3,0.12013571650032576,log
100,0.1,0.05,0,4,0.13935289004283116,log
100,0.1,0.05,1,1,0.02881403229990853,log
100,0.1,0.05,1,2,0.17230440868454291,log
100,0.1,0.05,1,3,0.14054870135950265,log
100,0.1,0.05,1,4,0.15842863640431287,log
100,0.1,0.05,10,1,0.18626711995702724,log
100,0.1,0.05,10,2,0.3557533662137185,log
100,0.1,0.05,10,3,0.3226637371878633,log
100,0.1,0.05,10,4,0.3360832275938146,log
100,0.1,0.05,-1,1,0.017317973221101995,log
100,0.1,0.05,-1,2,0.1289682534743704,log
100,0.1,0.05,-1,3,0.0957294025423547,log
100,0.1,0.05,-1,4,0.11875032736176486,log
100,0.1,0.05,-10,1,0.17296652826229422,log
100,0.1,0.05,-10,2,0.033923571212749797,log
100,0.1,0.05,-10,3,0.05359129677997082,log
100,0.1,0.05,-10,4,0.038461851683885995,log
100,0.1,0.1,0,1,0.187155124602741,log
100,0.1,0.1,0,2,0.3521642507874649,log
100,0.1,0.1,0,3,0.32012302762973643,log
100,0.1,0.1,0,4,0.3438622659055489,log
100,0.1,0.1,1,1,0.20525260270458365,log
100,0.1,0.1,1,2,0.37480496364909577,log
100,0.1,0.1,1,3,0.340451761558131,log
100,0.1,0.1,1,4,0.3580316998670477,log
100,0.1,0.1,10,1,0.35752089180172064,log
100,0.1,0.1,10,2,0.5271146584899152,log
100,0.1,0.1,10,3,0.4901823371393115,log
100,0.1,0.1,10,4,0.5141215953592638,log
100,0.1,0.1,-1,1,0.17454297989215142,log
100,0.1,0.1,-1,2,0.3400965840177622,log
100,0.1,0.1,-1,3,0.3006744647961569,log
100,0.1,0.1,-1,4,0.32405765896241207,log
100,0.1,0.1,-10,1,0.023642413870708864,log
100,0.1,0.1,-10,2,0.15311026972288502,log
100,0.1,0.1,-10,3,0.12230359259827817,log
100,0.1,0.1,-10,4,0.13760825114821554,log
100,0.1,-0.01,0,1,0.1695861430649382,log
100,0.1,-0.01,0,2,0.031194670716477538,log
100,0.1,-0.01,0,3,0.0502287187718472,log
100,0.1,-0.01,0,4,0.03611967631489572,log
100,0.1,-0.01,1,1,0.14308579846026664,log
100,0.1,-0.01,1,2,0.021136845498497838,log
100,0.1,-0.01,1,3,0.031420988157042244,log
100,0.1,-0.01,1,4,0.025413521576766594,log
100,0.1,-0.01,10,1,0.02369391826755841,log
100,0.1,-0.01,10,2,0.15920901193669576,log
100,0.1,-0.01,10,3,0.12348544978201074,log
100,0.1,-0.01,10,4,0.1431794039325703,log
100,0.1,-0.01,-1,1,0.1936904406375771,log
100,0.1,-0.01,-1,2,0.04340489591605802,log
100,0.1,-0.01,-1,3,0.06752168107424923,log
100,0.1,-0.01,-1,4,0.05237090567601391,log
100,0.1,-0.01,-10,1,0.49340726686072567,log
100,0.1,-0.01,-10,2,0.3212321192778733,log
100,0.1,-0.01,-10,3,0.35305644496065,log
100,0.1,-0.01,-10,4,0.34173805719710854,log
100,0.1,-0.025,0,1,0.2223787768802771,log
100,0.1,-0.025,0,2,0.06945276334022142,log
100,0.1,-0.025,0,3,0.09558781520861487,log
100,0.1,-0.025,0,4,0.08196553767118668,log
100,0.1,-0.025,1,1,0.19801804845217355,log
100,0.1,-0.025,1,2,0.049531403139133456,log
100,0.1,-0.025,1,3,0.06673654362621866,log
100,0.1,-0.025,1,4,0.05553946102427858,log
100,0.1,-0.025,10,1,0.01866700427095912,log
100,0.1,-0.025,10,2,0.1111359328928544,log
100,0.1,-0.025,10,3,0.07809139791468966,log
100,0.1,-0.025,10,4,0.09906307836151099,log
100,0.1,-0.025,-1,1,0.24720905206616536,log
100,0.1,-0.025,-1,2,0.09414783187807933,log
100,0.1,-0.025,-1,3,0.12224877037040492,log
100,0.1,-0.025,-1,4,0.10536124883057833,log
100,0.1,-0.025,-10,1,0.5321961689785656,log
100,0.1,-0.025,-10,2,0.3793145510072088,log
100,0.1,-0.025,-10,3,0.41445267464088326,log
100,0.1,-0.025,-10,4,0.39079339573604766,log
100,0.1,-0.05,0,1,0.3198721816355257,log
100,0.1,-0.05,0,2,0.15260753368045535,log
100,0.1,-0.05,0,3,0.18714756598094362,log
100,0.1,-0.05,0,4,0.1657070190775387,log
100,0.1,-0.05,1,1,0.29077365978687025,log
100,0.1,-0.05,1,2,0.1275289851687498,log
100,0.1,-0.05,1,3,0.1563981219352397,log
100,0.1,-0.05,1,4,0.14420366627249093,log
100,0.1,-0.05,10,1,0.05309733697671094,log
100,0.1,-0.05,10,2,0.04761094669445668,log
100,0.1,-0.05,10,3,0.027868275263032073,log
100,0.1,-0.05,10,4,0.03894423502716551,log
100,0.1,-0.05,-1,1,0.3534090121410691,log
100,0.1,-0.05,-1,2,0.1896682453107909,log
100,0.1,-0.05,-1,3,0.22232303667778802,log
100,0.1,-0.05,-1,4,0.20780428386769506,log
100,0.1,-0.05,-10,1,0.5670944551706719,log
100,0.1,-0.05,-10,2,0.4065791941434646,log
100,0.1,-0.05,-10,3,0.4330817277090041,log
100,0.1,-0.05,-10,4,0.4144696605526234,log
100,0.1,-0.1,0,1,0.5213148809517189,log
100,0.1,-0.1,0,2,0.3544808415707851,log
100,0.1,-0.1,0,3,0.38547877372259826,log
100,0.1,-0.1,0,4,0.36816831520118554,log
100,0.1,-0.1,1,1,0.48546960904763414,log
100,0.1,-0.1,1,2,0.31221490169931115,log
100,0.1,-0.1,1,3,0.3438326052938036,log
100,0.1,-0.1,1,4,0.32861956597283004,log
100,0.1,-0.1,10,1,0.1924884041178369,log
100,0.1,-0.1,10,2,0.03923215612299738,log
100,0.1,-0.1,10,3,0.06276589889760022,log
100,0.1,-0.1,10,4,0.05291117594287702,log
100,0.1,-0.1,-1,1,0.5314839588525692,log
100,0.1,-0.1,-1,2,0.36843215076349095,log
100,0.1,-0.1,-1,3,0.393005952991096,log
100,0.1,-0.1,-1,4,0.3799458544690238,log
100,0.1,-0.1,-10,1,0.6207713086539415,log
100,0.1,-0.1,-10,2,0.45315461534595936,log
100,0.1,-0.1,-10,3,0.4947858830598093,log
100,0.1,-0.1,-10,4,0.47530085575501374,log
100,-0.01,0,1,1,0.1888344024253486,log
100,-0.01,0,1,2,0.06423297383201047,log
100,-0.01,0,1,3,0.09993568448552752,log
100,-0.01,0,1,4,0.02310670434424897,log
100,-0.01,0,10,1,0.040187825035616256,log
100,-0.01,0,10,2,0.36749819091313907,log
100,-0.01,0,10,3,0.40747063462848715,log
100,-0.01,0,10,4,0.2531479479928465,log
100,-0.01,0,-1,1,0.21017829478487737,log
100,-0.01,0,-1,2,0.05004245788148928,log
100,-0.01,0,-1,3,0.0819604748733531,log
100,-0.01,0,-1,4,0.026964364007344484,log
100,-0.01,0,-10,1,0.2966562196963732,log
100,-0.01,0,-10,2,0.02656848067980899,log
100,-0.01,0,-10,3,0.027983500947989386,log
100,-0.01,0,-10,4,0.07259817289482305,log
100,-0.01,0.01,0,1,0.18642887844822575,log
100,-0.01,0.01,0,2,0.06449557566845844,log
100,-0.01,0.01,0,3,0.1015126131114258,log
100,-0.01,0.01,0,4,0.023098341046444662,log
100,-0.01,0.01,1,1,0.1498392475795876,log
100,-0.01,0.01,1,2,0.09369943264343746,log
100,-0.01,0.01,1,3,0.13726352195822322,log
100,-0.01,0.01,1,4,0.029157663443467343,log
100,-0.01,0.01,10,1,0.05742084099452761,log
100,-0.01,0.01,10,2,0.3897457216688949,log
100,-0.01,0.01,10,3,0.4370214277880823,log
100,-0.01,0.01,10,4,0.28938548101401956,log
100,-0.01,0.01,-1,1,0.19407891406318953,log
100,-0.01,0.01,-1,2,0.058063376756051166,log
100,-0.01,0.01,-1,3,0.08943836763739857,log
100,-0.01,0.01,-1,4,0.024156447667156192,log
100,-0.01,0.01,-10,1,0.28707489403392095,log
100,-0.01,0.01,-10,2,0.02532780194164634,log
100,-0.01,0.01,-10,3,0.032661010028172593,log
100,-0.01,0.01,-10,4,0.06464861716096615,log
100,-0.01,0.025,0,1,0.1281473746708408,log
100,-0.01,0.025,0,2,0.11018216184438559,log
100,-0.01,0.025,0,3,0.15619798570311452,log
100,-0.01,0.025,0,4,0.03323419745541798,log
100,-0.01,0.025,1,1,0.10186732199833723,log
100,-0.01,0.025,1,2,0.14845601399472824,log
100,-0.01,0.025,1,3,0.1901350881110992,log
100,-0.01,0.025,1,4,0.057429409105132674,log
100,-0.01,0.025,10,1,0.09628486471806197,log
100,-0.01,0.025,10,2,0.4403600063360938,log
100,-0.01,0.025,10,3,0.476042974373164,log
100,-0.01,0.025,10,4,0.3291840809397441,log
100,-0.01,0.025,-1,1,0.17135452658090647,log
100,-0.01,0.025,-1,2,0.07581207062887059,log
100,-0.01,0.025,-1,3,0.12027351846791429,log
100,-0.01,0.025,-1,4,0.024719165913160254,log
100,-0.01,0.025,-10,1,0.2710730769532379,log
100,-0.01,0.025,-10,2,0.026160925358573346,log
100,-0.01,0.025,-10,3,0.03923648990372368,log
100,-0.01,0.025,-10,4,0.051018516321984814,log
100,-0.01,0.05,0,1,0.04829129131468668,log
100,-0.01,0.05,0,2,0.20902704286972945,log
100,-0.01,0.05,0,3,0.26167948041935307,log
100,-0.01,0.05,0,4,0.11224965317886404,log
100,-0.01,0.05,1,1,0.028716565555886787,log
100,-0.01,0.05,1,2,0.24483193465176065,log
100,-0.01,0.05,1,3,0.286283448380562,log
100,-0.01,0.05,1,4,0.13518066862297393,log
100,-0.01,0.05,10,1,0.16900214321135837,log
100,-0.01,0.05,10,2,0.5155764436707803,log
100,-0.01,0.05,10,3,0.5568028834528712,log
100,-0.01,0.05,10,4,0.4069853178793784,log
100,-0.01,0.05,-1,1,0.07508204450752082,log
100,-0.01,0.05,-1,2,0.17844820344924411,log
100,-0.01,0.05,-1,3,0.2168070720816026,log
100,-0.01,0.05,-1,4,0.08015875256907269,log
100,-0.01,0.05,-10,1,0.24775946586529732,log
100,-0.01,0.05,-10,2,0.03258053842319435,log
100,-0.01,0.05,-10,3,0.053366986127920395,log
100,-0.01,0.05,-10,4,0.038441713063495836,log
100,-0.01,0.1,0,1,0.07685529973243468,log
100,-0.01,0.1,0,2,0.4128149294155424,log
100,-0.01,0.1,0,3,0.45590710382902055,log
100,-0.01,0.1,0,4,0.30745132149643356,log
100,-0.01,0.1,1,1,0.10205397328056048,log
100,-0.01,0.1,1,2,0.4456157172418284,log
100,-0.01,0.1,1,3,0.4905456146986246,log
100,-0.01,0.1,1,4,0.33550285008455427,log
100,-0.01,0.1,10,1,0.3219842675868077,log
100,-0.01,0.1,10,2,0.6680914047519441,log
100,-0.01,0.1,10,3,0.7073906698706607,log
100,-0.01,0.1,10,4,0.5580523349481061,log
100,-0.01,0.1,-1,1,0.05353349125289862,log
100,-0.01,0.1,-1,2,0.38738988330483487,log
100,-0.01,0.1,-1,3,0.4292424485986614,log
100,-0.01,0.1,-1,4,0.282878775656542,log
100,-0.01,0.1,-10,1,0.15350811603914377,log
100,-0.01,0.1,-10,2,0.08464861337317742,log
100,-0.01,0.1,-10,3,0.1225400866055155,log
100,-0.01,0.1,-10,4,0.02712790580342214,log
100,-0.01,-0.01,0,1,0.2051557029284954,log
100,-0.01,-0.01,0,2,0.051125763854387454,log
100,-0.01,-0.01,0,3,0.08813544644208532,log
100,-0.01,-0.01,0,4,0.026914157789059836,log
100,-0.01,-0.01,1,1,0.19396227721377404,log
100,-0.01,-0.01,1,2,0.0588099213582309,log
100,-0.01,-0.01,1,3,0.08978105477206866,log
100,-0.01,-0.01,1,4,0.02377186572505204,log
100,-0.01,-0.01,10,1,0.025782496903702917,log
100,-0.01,-0.01,10,2,0.330730240064777,log
100,-0.01,-0.01,10,3,0.37768257507359293,log
100,-0.01,-0.01,10,4,0.2222765300360988,log
100,-0.01,-0.01,-1,1,0.22000097765939736,log
100,-0.01,-0.01,-1,2,0.04482881297706587,log
100,-0.01,-0.01,-1,3,0.0767147261984272,log
100,-0.01,-0.01,-1,4,0.02662210183273171,log
100,-0.01,-0.01,-10,1,0.3131189840711595,log
100,-0.01,-0.01,-10,2,0.026691840403222054,log
100,-0.01,-0.01,-10,3,0.027684532111648466,log
100,-0.01,-0.01,-10,4,0.08292584944901932,log
100,-0.01,-0.025,0,1,0.22531806807013105,log
100,-0.01,-0.025,0,2,0.04426595917732165,log
100,-0.01,-0.025,0,3,0.06636470796444367,log
100,-0.01,-0.025,0,4,0.027440483043610492,log
100,-0.01,-0.025,1,1,0.21115334261258764,log
100,-0.01,-0.025,1,2,0.0523509870218419,log
100,-0.01,-0.025,1,3,0.07664043923136375,log
100,-0.01,-0.025,1,4,0.026212483507598923,log
100,-0.01,-0.025,10,1,0.021760546116854174,log
100,-0.01,-0.025,10,2,0.2863055971723696,log
100,-0.01,-0.025,10,3,0.3319516612228953,log
100,-0.01,-0.025,10,4,0.187023260002212,log
100,-0.01,-0.025,-1,1,0.23557110896180933,log
100,-0.01,-0.025,-1,2,0.04132023649823826,log
100,-0.01,-0.025,-1,3,0.060489504099264346,log
100,-0.01,-0.025,-1,4,0.0325911443320263,log
100,-0.01,-0.025,-10,1,0.3236020921548288,log
100,-0.01,-0.025,-10,2,0.03125279776049734,log
100,-0.01,-0.025,-10,3,0.024874146964482563,log
100,-0.01,-0.025,-10,4,0.09871711800314134,log
100,-0.01,-0.05,0,1,0.23808518714419502,log
100,-0.01,-0.05,0,2,0.03248981332246769,log
100,-0.01,-0.05,0,3,0.05551422957772456,log
100,-0.01,-0.05,0,4,0.036768739419343756,log
100,-0.01,-0.05,1,1,0.24109615226620063,log
100,-0.01,-0.05,1,2,0.034031807239488954,log
100,-0.01,-0.05,1,3,0.06304325348831913,log
100,-0.01,-0.05,1,4,0.033955963763193174,log
100,-0.01,-0.05,10,1,0.04161298703117539,log
100,-0.01,-0.05,10,2,0.22388156639888546,log
100,-0.01,-0.05,10,3,0.26820089090957555,log
100,-0.01,-0.05,10,4,0.11404688642547753,log
100,-0.01,-0.05,-1,1,0.26004871524552553,log
100,-0.01,-0.05,-1,2,0.029958281566476012,log
100,-0.01,-0.05,-1,3,0.05279293878261916,log
100,-0.01,-0.05,-1,4,0.046563868252102916,log
100,-0.01,-0.05,-10,1,0.35834513032681586,log
100,-0.01,-0.05,-10,2,0.04318466397304089,log
100,-0.01,-0.05,-10,3,0.02735111286082767,log
100,-0.01,-0.05,-10,4,0.1143127296550287,log
100,-0.01,-0.1,0,1,0.29439674417686995,log
100,-0.01,-0.1,0,2,0.025604847593807753,log
100,-0.01,-0.1,0,3,0.032965330351710544,log
100,-0.01,-0.1,0,4,0.06753343289899594,log
100,-0.01,-0.1,1,1,0.28809190048158495,log
100,-0.01,-0.1,1,2,0.02411036986636675,log
100,-0.01,-0.1,1,3,0.03536671979086879,log
100,-0.01,-0.1,1,4,0.06361064742018982,log
100,-0.01,-0.1,10,1,0.14514841803761128,log
100,-0.01,-0.1,10,2,0.09848057033629973,log
100,-0.01,-0.1,10,3,0.1385229911702322,log
100,-0.01,-0.1,10,4,0.03277237202561254,log
100,-0.01,-0.1,-1,1,0.30454268059283734,log
100,-0.01,-0.1,-1,2,0.02673112609320886,log
100,-0.01,-0.1,-1,3,0.027040507950650727,log
100,-0.01,-0.1,-1,4,0.08145134393483562,log
100,-0.01,-0.1,-10,1,0.41338253779532325,log
100,-0.01,-0.1,-10,2,0.07396875282335019,log
100,-0.01,-0.1,-10,3,0.04892465254162072,log
100,-0.01,-0.1,-10,4,0.1774556949851167,log
100,-0.1,0,1,1,0.02357402131328995,log
100,-0.1,0,1,2,0.11881659113268551,log
100,-0.1,0,1,3,0.03265624298000228,log
100,-0.1,0,1,4,0.043629103360085686,log
100,-0.1,0,10,1,0.09593526580312516,log
100,-0.1,0,10,2,0.02401200105279688,log
100,-0.1,0,10,3,0.1496658339794976,log
100,-0.1,0,10,4,0.17645614520310335,log
100,-0.1,0,-1,1,0.02816777134782394,log
100,-0.1,0,-1,2,0.1293649804642452,log
100,-0.1,0,-1,3,0.027599006575604847,log
100,-0.1,0,-1,4,0.036416624770644467,log
100,-0.1,0,-10,1,0.08213609826111215,log
100,-0.1,0,-10,2,0.24044255581224247,log
100,-0.1,0,-10,3,0.04499825117447499,log
100,-0.1,0,-10,4,0.03880087611977175,log
100,-0.1,0.01,0,1,0.024449891816595692,log
100,-0.1,0.01,0,2,0.11617650912988867,log
100,-0.1,0.01,0,3,0.03603168482008387,log
100,-0.1,0.01,0,4,0.042367756315243574,log
100,-0.1,0.01,1,1,0.025264416810998624,log
100,-0.1,0.01,1,2,0.10513374788604682,log
100,-0.1,0.01,1,3,0.037998998533824824,log
100,-0.1,0.01,1,4,0.05406689475735818,log
100,-0.1,0.01,10,1,0.12207209773702603,log
100,-0.1,0.01,10,2,0.02413174125567842,log
100,-0.1,0.01,10,3,0.17412811339576195,log
100,-0.1,0.01,10,4,0.20027777398467048,log
100,-0.1,0.01,-1,1,0.026316693589542806,log
100,-0.1,0.01,-1,2,0.12424372851805732,log
100,-0.1,0.01,-1,3,0.029136525212023128,log
100,-0.1,0.01,-1,4,0.036021319794846386,log
100,-0.1,0.01,-10,1,0.07693612462030631,log
100,-0.1,0.01,-10,2,0.2258587440774893,log
100,-0.1,0.01,-10,3,0.04467441568150903,log
100,-0.1,0.01,-10,4,0.032414891033376976,log
100,-0.1,0.025,0,1,0.024310983375336107,log
100,-0.1,0.025,0,2,0.10890383047990704,log
100,-0.1,0.025,0,3,0.040094319875523865,log
100,-0.1,0.025,0,4,0.052824413139820475,log
100,-0.1,0.025,1,1,0.025754190580283293,log
100,-0.1,0.025,1,2,0.09017577641799028,log
100,-0.1,0.025,1,3,0.04568300920246866,log
100,-0.1,0.025,1,4,0.05452746124817008,log
100,-0.1,0.025,10,1,0.1572453674104175,log
100,-0.1,0.025,10,2,0.034741419772777136,log
100,-0.1,0.025,10,3,0.21475001254790368,log
100,-0.1,0.025,10,4,0.23744874442828426,log
100,-0.1,0.025,-1,1,0.024228559773963484,log
100,-0.1,0.025,-1,2,0.11123738313350047,log
100,-0.1,0.025,-1,3,0.03416014690091897,log
100,-0.1,0.025,-1,4,0.044199315001365855,log
100,-0.1,0.025,-10,1,0.06401562720184144,log
100,-0.1,0.025,-10,2,0.20801829981700956,log
100,-0.1,0.025,-10,3,0.034227672959742224,log
100,-0.1,0.025,-10,4,0.029522270448721175,log
100,-0.1,0.05,0,1,0.02565278975922589,log
100,-0.1,0.05,0,2,0.08486729793209881,log
100,-0.1,0.05,0,3,0.05168112296524186,log
100,-0.1,0.05,0,4,0.06524557163603302,log
100,-0.1,0.05,1,1,0.032404580868174854,log
100,-0.1,0.05,1,2,0.07055665742189632,log
100,-0.1,0.05,1,3,0.05973882215749567,log
100,-0.1,0.05,1,4,0.07154794669592283,log
100,-0.1,0.05,10,1,0.2265850187770163,log
100,-0.1,0.05,10,2,0.07838251348810343,log
100,-0.1,0.05,10,3,0.280418021977999,log
100,-0.1,0.05,10,4,0.310181576477755,log
100,-0.1,0.05,-1,1,0.0281437159794772,log
100,-0.1,0.05,-1,2,0.0899610449832105,log
100,-0.1,0.05,-1,3,0.04628890140693406,log
100,-0.1,0.05,-1,4,0.05990861293903391,log
100,-0.1,0.05,-10,1,0.04772336619840887,log
100,-0.1,0.05,-10,2,0.18349274370363464,log
100,-0.1,0.05,-10,3,0.02702688788140133,log
100,-0.1,0.05,-10,4,0.02554028928538431,log
100,-0.1,0.1,0,1,0.049179586507359575,log
100,-0.1,0.1,0,2,0.05051486798571344,log
100,-0.1,0.1,0,3,0.08338943742343942,log
100,-0.1,0.1,0,4,0.10971553855411954,log
100,-0.1,0.1,1,1,0.07297587737991035,log
100,-0.1,0.1,1,2,0.029046331359376176,log
100,-0.1,0.1,1,3,0.12240695177664493,log
100,-0.1,0.1,1,4,0.14368846804793253,log
100,-0.1,0.1,10,1,0.372013764793444,log
100,-0.1,0.1,10,2,0.20373899683919033,log
100,-0.1,0.1,10,3,0.4277258003119713,log
100,-0.1,0.1,10,4,0.45021342989405716,log
100,-0.1,0.1,-1,1,0.04134879285058954,log
100,-0.1,0.1,-1,2,0.05342361535125727,log
100,-0.1,0.1,-1,3,0.07813716711846563,log
100,-0.1,0.1,-1,4,0.0974537096522834,log
100,-0.1,0.1,-10,1,0.02813864234454849,log
100,-0.1,0.1,-10,2,0.13125869409812313,log
100,-0.1,0.1,-10,3,0.029191245211334704,log
100,-0.1,0.1,-10,4,0.0366276253432988,log
100,-0.1,-0.01,0,1,0.02830193972993909,log
100,-0.1,-0.01,0,2,0.1307839501538296,log
100,-0.1,-0.01,0,3,0.030481963059378423,log
100,-0.1,-0.01,0,4,0.035505255371924345,log
100,-0.1,-0.01,1,1,0.02619497661519017,log
100,-0.1,-0.01,1,2,0.12671338454512876,log
100,-0.1,-0.01,1,3,0.02989345001828278,log
100,-0.1,-0.01,1,4,0.04035887061289332,log
100,-0.1,-0.01,10,1,0.07603496585390082,log
100,-0.1,-0.01,10,2,0.029289946721277105,log
100,-0.1,-0.01,10,3,0.12612579191298767,log
100,-0.1,-0.01,10,4,0.14299290068700582,log
100,-0.1,-0.01,-1,1,0.03164075695953743,log
100,-0.1,-0.01,-1,2,0.14201501213524917,log
100,-0.1,-0.01,-1,3,0.0249769960385927,log
100,-0.1,-0.01,-1,4,0.028944066211069763,log
100,-0.1,-0.01,-10,1,0.0972918692883764,log
100,-0.1,-0.01,-10,2,0.24200859173784972,log
100,-0.1,-0.01,-10,3,0.05562992953424501,log
100,-0.1,-0.01,-10,4,0.044319537945285606,log
100,-0.1,-0.025,0,1,0.0344059096828322,log
100,-0.1,-0.025,0,2,0.14769177758366345,log
100,-0.1,-0.025,0,3,0.02531661843520775,log
100,-0.1,-0.025,0,4,0.028674711470907246,log
100,-0.1,-0.025,1,1,0.030506738885959256,log
100,-0.1,-0.025,1,2,0.13544887315193757,log
100,-0.1,-0.025,1,3,0.026939398705115015,log
100,-0.1,-0.025,1,4,0.03459435175650545,log
100,-0.1,-0.025,10,1,0.05196907743169282,log
100,-0.1,-0.025,10,2,0.042283354174215367,log
100,-0.1,-0.025,10,3,0.0942431342418329,log
100,-0.1,-0.025,10,4,0.11275560084073669,log
100,-0.1,-0.025,-1,1,0.03735145185869274,log
100,-0.1,-0.025,-1,2,0.16564173759802417,log
100,-0.1,-0.025,-1,3,0.02650844631993499,log
100,-0.1,-0.025,-1,4,0.02663827270622318,log
100,-0.1,-0.025,-10,1,0.11427885269179154,log
100,-0.1,-0.025,-10,2,0.25988624491166606,log
100,-0.1,-0.025,-10,3,0.062286383706981883,log
100,-0.1,-0.025,-10,4,0.05198195964868851,log
100,-0.1,-0.05,0,1,0.04241170873156584,log
100,-0.1,-0.05,0,2,0.1739271691707847,log
100,-0.1,-0.05,0,3,0.026431912634402144,log
100,-0.1,-0.05,0,4,0.02457600813545119,log
100,-0.1,-0.05,1,1,0.03619273623157153,log
100,-0.1,-0.05,1,2,0.15820807771927844,log
100,-0.1,-0.05,1,3,0.025018936881969173,log
100,-0.1,-0.05,1,4,0.02773185183241375,log
100,-0.1,-0.05,10,1,0.03099485810769343,log
100,-0.1,-0.05,10,2,0.07327810689765057,log
100,-0.1,-0.05,10,3,0.058003279717776364,log
100,-0.1,-0.05,10,4,0.07440247754291326,log
100,-0.1,-0.05,-1,1,0.04798170186969361,log
100,-0.1,-0.05,-1,2,0.18076937453581937,log
100,-0.1,-0.05,-1,3,0.02809802408971715,log
100,-0.1,-0.05,-1,4,0.02514171337819477,log
100,-0.1,-0.05,-10,1,0.13173862558020152,log
100,-0.1,-0.05,-10,2,0.28833045546397446,log
100,-0.1,-0.05,-10,3,0.08515000038285218,log
100,-0.1,-0.05,-10,4,0.06826243631135273,log
100,-0.1,-0.1,0,1,0.07593803119683283,log
100,-0.1,-0.1,0,2,0.2192615597245067,log
100,-0.1,-0.1,0,3,0.03946045273919903,log
100,-0.1,-0.1,0,4,0.03026607432939565,log
100,-0.1,-0.1,1,1,0.06238861135469296,log
100,-0.1,-0.1,1,2,0.21225925850263933,log
100,-0.1,-0.1,1,3,0.035505105331095674,log
100,-0.1,-0.1,1,4,0.028553627574965584,log
100,-0.1,-0.1,10,1,0.022987080821024547,log
100,-0.1,-0.1,10,2,0.11518277752373722,log
100,-0.1,-0.1,10,3,0.03541065622872952,log
100,-0.1,-0.1,10,4,0.046273207059065895,log
100,-0.1,-0.1,-1,1,0.08096512036637481,log
100,-0.1,-0.1,-1,2,0.23043457285356939,log
100,-0.1,-0.1,-1,3,0.044643039304346294,log
100,-0.1,-0.1,-1,4,0.03340931364912186,log
100,-0.1,-0.1,-10,1,0.1891828131744731,log
100,-0.1,-0.1,-10,2,0.3479904253384663,log
100,-0.1,-0.1,-10,3,0.13097788633587432,log
100,-0.1,-0.1,-10,4,0.1083709071359731,log
100,0,0,1,1,2.9237880000000005,natural
100,0,0,1,2,14.307377,natural
100,0,0,1,3,2.423188,natural
100,0,0,1,4,5.393615,natural
100,0,0,10,1,32.772753,natural
100,0,0,10,2,48.738701,natural
100,0,0,10,3,28.771485000000002,natural
100,0,0,10,4,20.734142,natural
100,0,0,-1,1,2.5549720000000002,natural
100,0,0,-1,2,9.904104000000002,natural
100,0,0,-1,3,3.7999950000000005,natural
100,0,0,-1,4,9.545727999999999,natural
100,0,0,-10,1,6.600278,natural
100,0,0,-10,2,3.6466540000000007,natural
100,0,0,-10,3,9.775083,natural
100,0,0,-10,4,17.794777999999997,natural
100,0,0.01,0,1,2.6983070000000002,natural
100,0,0.01,0,2,14.639301000000001,natural
100,0,0.01,0,3,2.5086270000000006,natural
100,0,0.01,0,4,5.37287,natural
100,0,0.01,1,1,4.01658,natural
100,0,0.01,1,2,18.308696,natural
100,0,0.01,1,3,2.6135200000000003,natural
100,0,0.01,1,4,3.243199,natural
100,0,0.01,10,1,36.980854,natural
100,0,0.01,10,2,53.24727600000001,natural
100,0,0.01,10,3,32.94521,natural
100,0,0.01,10,4,24.723403,natural
100,0,0.01,-1,1,2.414943,natural
100,0,0.01,-1,2,10.801934000000001,natural
100,0,0.01,-1,3,3.1882310000000005,natural
100,0,0.01,-1,4,8.000354999999999,natural
100,0,0.01,-10,1,6.010017,natural
100,0,0.01,-10,2,4.2623370000000005,natural
100,0,0.01,-10,3,9.354788000000001,natural
100,0,0.01,-10,4,16.787633999999997,natural
100,0,0.025,0,1,6.023050000000001,natural
100,0,0.025,0,2,20.967959000000004,natural
100,0,0.025,0,3,3.6625550000000007,natural
100,0,0.025,0,4,2.6307740000000006,natural
100,0,0.025,1,1,8.243649000000001,natural
100,0,0.025,1,2,24.848484,natural
100,0,0.025,1,3,5.908295000000001,natural
100,0,0.025,1,4,2.5572950000000008,natural
100,0,0.025,10,1,42.162145,natural
100,0,0.025,10,2,59.485946000000006,natural
100,0,0.025,10,3,39.265389000000006,natural
100,0,0.025,10,4,30.260605000000005,natural
100,0,0.025,-1,1,3.984785000000001,natural
100,0,0.025,-1,2,16.533912,natural
100,0,0.025,-1,3,2.4452140000000004,natural
100,0,0.025,-1,4,4.396298,natural
100,0,0.025,-10,1,4.849991,natural
100,0,0.025,-10,2,4.716106000000001,natural
100,0,0.025,-10,3,7.95948,natural
100,0,0.025,-10,4,15.429718,natural
100,0,0.05,0,1,15.194895,natural
100,0,0.05,0,2,32.100773000000004,natural
100,0,0.05,0,3,11.349782000000001,natural
100,0,0.05,0,4,5.374337000000001,natural
100,0,0.05,1,1,18.767354000000005,natural
100,0,0.05,1,2,35.910075000000006,natural
100,0,0.05,1,3,14.905674000000001,natural
100,0,0.05,1,4,7.862224000000001,natural
100,0,0.05,10,1,54.846432,natural
100,0,0.05,10,2,71.59197900000001,natural
100,0,0.05,10,3,50.13783600000001,natural
100,0,0.05,10,4,41.802791000000006,natural
100,0,0.05,-1,1,12.024543000000001,natural
100,0,0.05,-1,2,28.286690000000004,natural
100,0,0.05,-1,3,8.164266000000001,natural
100,0,0.05,-1,4,3.5951990000000005,natural
100,0,0.05,-10,1,3.6772290000000005,natural
100,0,0.05,-10,2,6.832345000000001,natural
100,0,0.05,-10,3,6.241405,natural
100,0,0.05,-10,4,12.485610999999999,natural
100,0,0.1,0,1,41.169198,natural
100,0,0.1,0,2,58.66582900000001,natural
100,0,0.1,0,3,37.434954000000005,natural
100,0,0.1,0,4,29.506253,natural
100,0,0.1,1,1,46.029628,natural
100,0,0.1,1,2,61.360111,natural
100,0,0.1,1,3,40.944491,natural
100,0,0.1,1,4,32.701646000000004,natural
100,0,0.1,10,1,79.41247,natural
100,0,0.1,10,2,98.24138900000001,natural
100,0,0.1,10,3,75.63751500000001,natural
100,0,0.1,10,4,69.2757,natural
100,0,0.1,-1,1,37.940919,natural
100,0,0.1,-1,2,54.646038000000004,natural
100,0,0.1,-1,3,33.948919000000004,natural
100,0,0.1,-1,4,25.698038,natural
100,0,0.1,-10,1,4.303445000000001,natural
100,0,0.1,-10,2,19.117668000000002,natural
100,0,0.1,-10,3,3.320195000000001,natural
100,0,0.1,-10,4,3.067358,natural
100,0,-0.01,0,1,2.489021,natural
100,0,-0.01,0,2,9.941817,natural
100,0,-0.01,0,3,4.020779,natural
100,0,-0.01,0,4,9.027545,natural
100,0,-0.01,1,1,2.3456630000000005,natural
100,0,-0.01,1,2,10.550217,natural
100,0,-0.01,1,3,3.5032020000000004,natural
100,0,-0.01,1,4,8.35108,natural
100,0,-0.01,10,1,27.795115000000003,natural
100,0,-0.01,10,2,45.691339,natural
100,0,-0.01,10,3,24.567693000000002,natural
100,0,-0.01,10,4,16.415664,natural
100,0,-0.01,-1,1,2.8602630000000002,natural
100,0,-0.01,-1,2,9.315408000000001,natural
100,0,-0.01,-1,3,4.084557,natural
100,0,-0.01,-1,4,10.429844,natural
100,0,-0.01,-10,1,7.482295000000001,natural
100,0,-0.01,-10,2,3.3032530000000007,natural
100,0,-0.01,-10,3,11.282892,natural
100,0,-0.01,-10,4,18.686967,natural
100,0,-0.025,0,1,3.008595,natural
100,0,-0.025,0,2,8.506141000000001,natural
100,0,-0.025,0,3,4.589456,natural
100,0,-0.025,0,4,10.572208999999999,natural
100,0,-0.025,1,1,2.5017310000000004,natural
100,0,-0.025,1,2,9.084831,natural
100,0,-0.025,1,3,3.942897,natural
100,0,-0.025,1,4,9.60062,natural
100,0,-0.025,10,1,23.119705000000003,natural
100,0,-0.025,10,2,40.384706,natural
100,0,-0.025,10,3,19.76493,natural
100,0,-0.025,10,4,11.733491000000003,natural
100,0,-0.025,-1,1,2.9606470000000003,natural
100,0,-0.025,-1,2,7.809533000000001,natural
100,0,-0.025,-1,3,4.990177,natural
100,0,-0.025,-1,4,11.436437,natural
100,0,-0.025,-10,1,9.246165,natural
100,0,-0.025,-10,2,2.5366280000000008,natural
100,0,-0.025,-10,3,12.507186,natural
100,0,-0.025,-10,4,20.176915,natural
100,0,-0.05,0,1,3.7344180000000002,natural
100,0,-0.05,0,2,6.6948550000000004,natural
100,0,-0.05,0,3,6.057578,natural
100,0,-0.05,0,4,12.859071,natural
100,0,-0.05,1,1,3.2633320000000006,natural
100,0,-0.05,1,2,8.026739000000001,natural
100,0,-0.05,1,3,4.937327000000001,natural
100,0,-0.05,1,4,12.100966000000001,natural
100,0,-0.05,10,1,14.402624000000001,natural
100,0,-0.05,10,2,31.585627000000002,natural
100,0,-0.05,10,3,11.090380000000001,natural
100,0,-0.05,10,4,5.213275,natural
100,0,-0.05,-1,1,4.226275,natural
100,0,-0.05,-1,2,6.3555470000000005,natural
100,0,-0.05,-1,3,6.939304,natural
100,0,-0.05,-1,4,13.057792,natural
100,0,-0.05,-10,1,10.787231,natural
100,0,-0.05,-10,2,2.2531900000000005,natural
100,0,-0.05,-10,3,15.278224,natural
100,0,-0.05,-10,4,22.308556,natural
100,0,-0.1,0,1,6.516945,natural
100,0,-0.1,0,2,3.9553510000000007,natural
100,0,-0.1,0,3,9.416238,natural
100,0,-0.1,0,4,17.053727,natural
100,0,-0.1,1,1,5.871487,natural
100,0,-0.1,1,2,4.440977000000001,natural
100,0,-0.1,1,3,8.775501,natural
100,0,-0.1,1,4,16.774894,natural
100,0,-0.1,10,1,3.7644160000000007,natural
100,0,-0.1,10,2,17.214098000000003,natural
100,0,-0.1,10,3,2.7269740000000007,natural
100,0,-0.1,10,4,3.9176400000000005,natural
100,0,-0.1,-1,1,7.318932,natural
100,0,-0.1,-1,2,3.3590060000000004,natural
100,0,-0.1,-1,3,10.599669,natural
100,0,-0.1,-1,4,18.499006,natural
100,0,-0.1,-10,1,15.088143,natural
100,0,-0.1,-10,2,2.614427,natural
100,0,-0.1,-10,3,19.198548,natural
100,0,-0.1,-10,4,27.190025,natural
100,0.01,0,1,1,5.044882,natural
100,0.01,0,1,2,9.080786,natural
100,0.01,0,1,3,13.431480000000002,natural
100,0.01,0,1,4,3.7429380000000005,natural
100,0.01,0,10,1,38.40151,natural
100,0.01,0,10,2,43.982286,natural
100,0.01,0,10,3,49.25612400000001,natural
100,0.01,0,10,4,35.97535,natural
100,0.01,0,-1,1,2.5072100000000006,natural
100,0.01,0,-1,2,3.5996730000000006,natural
100,0.01,0,-1,3,6.675737000000001,natural
100,0.01,0,-1,4,2.411804,natural
100,0.01,0,-10,1,4.88508,natural
100,0.01,0,-10,2,2.5876010000000003,natural
100,0.01,0,-10,3,2.3425100000000003,natural
100,0.01,0,-10,4,6.732029,natural
100,0.01,0.01,0,1,5.475148000000001,natural
100,0.01,0.01,0,2,9.163482,natural
100,0.01,0.01,0,3,14.384263,natural
100,0.01,0.01,0,4,3.6312460000000004,natural
100,0.01,0.01,1,1,8.332625,natural
100,0.01,0.01,1,2,12.805394,natural
100,0.01,0.01,1,3,17.194282000000005,natural
100,0.01,0.01,1,4,5.888582,natural
100,0.01,0.01,10,1,43.365612,natural
100,0.01,0.01,10,2,47.596413,natural
100,0.01,0.01,10,3,52.827493000000004,natural
100,0.01,0.01,10,4,38.646945,natural
100,0.01,0.01,-1,1,3.6098060000000007,natural
100,0.01,0.01,-1,2,5.968636000000001,natural
100,0.01,0.01,-1,3,10.019769,natural
100,0.01,0.01,-1,4,2.6334840000000006,natural
100,0.01,0.01,-10,1,4.531185000000001,natural
100,0.01,0.01,-10,2,2.3887940000000003,natural
100,0.01,0.01,-10,3,2.6907120000000004,natural
100,0.01,0.01,-10,4,6.222088,natural
100,0.01,0.025,0,1,10.64886,natural
100,0.01,0.025,0,2,15.461469000000001,natural
100,0.01,0.025,0,3,20.029716,natural
100,0.01,0.025,0,4,7.605137000000001,natural
100,0.01,0.025,1,1,13.735226,natural
100,0.01,0.025,1,2,18.895889000000004,natural
100,0.01,0.025,1,3,23.748223000000003,natural
100,0.01,0.025,1,4,11.732273000000001,natural
100,0.01,0.025,10,1,48.788461000000005,natural
100,0.01,0.025,10,2,53.980174,natural
100,0.01,0.025,10,3,59.362278,natural
100,0.01,0.025,10,4,45.768508000000004,natural
100,0.01,0.025,-1,1,7.215338000000001,natural
100,0.01,0.025,-1,2,11.509682000000002,natural
100,0.01,0.025,-1,3,16.172337000000002,natural
100,0.01,0.025,-1,4,5.390212000000001,natural
100,0.01,0.025,-10,1,3.55763,natural
100,0.01,0.025,-10,2,2.332771,natural
100,0.01,0.025,-10,3,3.1363500000000006,natural
100,0.01,0.025,-10,4,5.218771,natural
100,0.01,0.05,0,1,21.645409,natural
100,0.01,0.05,0,2,26.670054,natural
100,0.01,0.05,0,3,31.301788000000002,natural
100,0.01,0.05,0,4,18.810545,natural
100,0.01,0.05,1,1,25.791607,natural
100,0.01,0.05,1,2,30.484908000000004,natural
100,0.01,0.05,1,3,35.239068,natural
100,0.01,0.05,1,4,22.526908000000002,natural
100,0.01,0.05,10,1,61.029188000000005,natural
100,0.01,0.05,10,2,66.32276900000001,natural
100,0.01,0.05,10,3,70.914429,natural
100,0.01,0.05,10,4,57.47246500000001,natural
100,0.01,0.05,-1,1,17.639706000000004,natural
100,0.01,0.05,-1,2,22.75282,natural
100,0.01,0.05,-1,3,27.632883000000003,natural
100,0.01,0.05,-1,4,15.132275000000002,natural
100,0.01,0.05,-10,1,2.6015750000000004,natural
100,0.01,0.05,-10,2,2.3678630000000003,natural
100,0.01,0.05,-10,3,4.421797000000001,natural
100,0.01,0.05,-10,4,3.489875,natural
100,0.01,0.1,0,1,49.038948000000005,natural
100,0.01,0.1,0,2,54.109123000000004,natural
100,0.01,0.1,0,3,59.279159,natural
100,0.01,0.1,0,4,47.048547,natural
100,0.01,0.1,1,1,53.138417000000004,natural
100,0.01,0.1,1,2,57.604913,natural
100,0.01,0.1,1,3,62.937629,natural
100,0.01,0.1,1,4,49.965444000000005,natural
100,0.01,0.1,10,1,89.652204,natural
100,0.01,0.1,10,2,93.648763,natural
100,0.01,0.1,10,3,98.02588700000001,natural
100,0.01,0.1,10,4,86.118314,natural
100,0.01,0.1,-1,1,44.984522000000005,natural
100,0.01,0.1,-1,2,50.55409,natural
100,0.01,0.1,-1,3,54.772309,natural
100,0.01,0.1,-1,4,42.331427000000005,natural
100,0.01,0.1,-10,1,10.720798,natural
100,0.01,0.1,-10,2,14.968661000000003,natural
100,0.01,0.1,-10,3,20.7203,natural
100,0.01,0.1,-10,4,8.591683000000002,natural
100,0.01,-0.01,0,1,2.4603740000000003,natural
100,0.01,-0.01,0,2,3.353916000000001,natural
100,0.01,-0.01,0,3,6.3018410000000005,natural
100,0.01,-0.01,0,4,2.4848660000000007,natural
100,0.01,-0.01,1,1,3.5736570000000007,natural
100,0.01,-0.01,1,2,5.919500000000001,natural
100,0.01,-0.01,1,3,9.723073000000001,natural
100,0.01,-0.01,1,4,2.4879700000000002,natural
100,0.01,-0.01,10,1,34.409787,natural
100,0.01,-0.01,10,2,39.069143000000004,natural
100,0.01,-0.01,10,3,45.122407,natural
100,0.01,-0.01,10,4,31.235300000000002,natural
100,0.01,-0.01,-1,1,2.3228520000000006,natural
100,0.01,-0.01,-1,2,2.9524930000000005,natural
100,0.01,-0.01,-1,3,6.077599000000001,natural
100,0.01,-0.01,-1,4,2.7889720000000002,natural
100,0.01,-0.01,-10,1,5.725089,natural
100,0.01,-0.01,-10,2,2.7276480000000003,natural
100,0.01,-0.01,-10,3,2.215494,natural
100,0.01,-0.01,-10,4,7.732215,natural
100,0.01,-0.025,0,1,2.283923,natural
100,0.01,-0.025,0,2,3.1541670000000006,natural
100,0.01,-0.025,0,3,5.776560000000001,natural
100,0.01,-0.025,0,4,2.6943200000000003,natural
100,0.01,-0.025,1,1,2.2208700000000006,natural
100,0.01,-0.025,1,2,3.196269000000001,natural
100,0.01,-0.025,1,3,6.400001000000001,natural
100,0.01,-0.025,1,4,2.5951220000000004,natural
100,0.01,-0.025,10,1,28.958124,natural
100,0.01,-0.025,10,2,33.916733,natural
100,0.01,-0.025,10,3,38.546130000000005,natural
100,0.01,-0.025,10,4,25.376336000000002,natural
100,0.01,-0.025,-1,1,2.4181060000000003,natural
100,0.01,-0.025,-1,2,3.000635000000001,natural
100,0.01,-0.025,-1,3,5.096081000000001,natural
100,0.01,-0.025,-1,4,3.3411270000000006,natural
100,0.01,-0.025,-10,1,6.835855,natural
100,0.01,-0.025,-10,2,3.6904850000000002,natural
100,0.01,-0.025,-10,3,2.3118550000000004,natural
100,0.01,-0.025,-10,4,8.988485,natural
100,0.01,-0.05,0,1,2.823239,natural
100,0.01,-0.05,0,2,2.3488390000000003,natural
100,0.01,-0.05,0,3,4.229144000000001,natural
100,0.01,-0.05,0,4,3.6885760000000003,natural
100,0.01,-0.05,1,1,2.590447,natural
100,0.01,-0.05,1,2,2.7006010000000007,natural
100,0.01,-0.05,1,3,4.601402000000001,natural
100,0.01,-0.05,1,4,3.576069,natural
100,0.01,-0.05,10,1,20.218795000000004,natural
100,0.01,-0.05,10,2,24.948548000000002,natural
100,0.01,-0.05,10,3,30.204075000000003,natural
100,0.01,-0.05,10,4,16.881921000000002,natural
100,0.01,-0.05,-1,1,2.987953,natural
100,0.01,-0.05,-1,2,2.307376,natural
100,0.01,-0.05,-1,3,3.5089760000000005,natural
100,0.01,-0.05,-1,4,4.412429,natural
100,0.01,-0.05,-10,1,8.553925999999999,natural
100,0.01,-0.05,-10,2,5.052455,natural
100,0.01,-0.05,-10,3,2.4808120000000002,natural
100,0.01,-0.05,-10,4,11.089784,natural
100,0.01,-0.1,0,1,4.51018,natural
100,0.01,-0.1,0,2,2.526047,natural
100,0.01,-0.1,0,3,2.5280670000000005,natural
100,0.01,-0.1,0,4,6.365158999999999,natural
100,0.01,-0.1,1,1,3.9877780000000005,natural
100,0.01,-0.1,1,2,2.6131080000000004,natural
100,0.01,-0.1,1,3,2.7422630000000003,natural
100,0.01,-0.1,1,4,6.041353,natural
100,0.01,-0.1,10,1,6.404851000000001,natural
100,0.01,-0.1,10,2,10.834527,natural
100,0.01,-0.1,10,3,14.97596,natural
100,0.01,-0.1,10,4,4.677702,natural
100,0.01,-0.1,-1,1,5.234526,natural
100,0.01,-0.1,-1,2,2.818261,natural
100,0.01,-0.1,-1,3,2.199818,natural
100,0.01,-0.1,-1,4,7.442772,natural
100,0.01,-0.1,-10,1,12.326572,natural
100,0.01,-0.1,-10,2,8.056608,natural
100,0.01,-0.1,-10,3,4.514519,natural
100,0.01,-0.1,-10,4,15.616814,natural
100,0.1,0,1,1,17.474083999999998,natural
100,0.1,0,1,2,3.290191000000001,natural
100,0.1,0,1,3,3.0522560000000003,natural
100,0.1,0,1,4,2.8290530000000005,natural
100,0.1,0,10,1,7.570552000000001,natural
100,0.1,0,10,2,31.555154,natural
100,0.1,0,10,3,27.294548000000002,natural
100,0.1,0,10,4,29.078794000000002,natural
100,0.1,0,-1,1,25.043375,natural
100,0.1,0,-1,2,3.752965,natural
100,0.1,0,-1,3,5.7767740000000005,natural
100,0.1,0,-1,4,4.622605000000001,natural
100,0.1,0,-10,1,62.453109,natural
100,0.1,0,-10,2,35.03641,natural
100,0.1,0,-10,3,40.301737,natural
100,0.1,0,-10,4,36.647706,natural
100,0.1,0.01,0,1,14.653107,natural
100,0.1,0.01,0,2,3.8931910000000007,natural
100,0.1,0.01,0,3,2.9279370000000005,natural
100,0.1,0.01,0,4,3.172856000000001,natural
100,0.1,0.01,1,1,11.827943,natural
100,0.1,0.01,1,2,5.475697000000001,natural
100,0.1,0.01,1,3,3.183760000000001,natural
100,0.1,0.01,1,4,4.312189,natural
100,0.1,0.01,10,1,12.165395,natural
100,0.1,0.01,10,2,37.757279000000004,natural
100,0.1,0.01,10,3,32.391278,natural
100,0.1,0.01,10,4,35.400991000000005,natural
100,0.1,0.01,-1,1,18.883881000000002,natural
100,0.1,0.01,-1,2,2.8676370000000007,natural
100,0.1,0.01,-1,3,3.2880150000000006,natural
100,0.1,0.01,-1,4,2.949992000000001,natural
100,0.1,0.01,-10,1,55.470166,natural
100,0.1,0.01,-10,2,28.538493,natural
100,0.1,0.01,-10,3,33.271763,natural
100,0.1,0.01,-10,4,31.39778,natural
100,0.1,0.025,0,1,7.347144,natural
100,0.1,0.025,0,2,9.317058000000001,natural
100,0.1,0.025,0,3,5.632128000000001,natural
100,0.1,0.025,0,4,7.674733000000002,natural
100,0.1,0.025,1,1,5.262355,natural
100,0.1,0.025,1,2,12.445086000000002,natural
100,0.1,0.025,1,3,7.969138000000001,natural
100,0.1,0.025,1,4,10.657252000000002,natural
100,0.1,0.025,10,1,20.855327000000003,natural
100,0.1,0.025,10,2,46.006563,natural
100,0.1,0.025,10,3,42.025493000000004,natural
100,0.1,0.025,10,4,44.129692000000006,natural
100,0.1,0.025,-1,1,10.919671000000001,natural
100,0.1,0.025,-1,2,6.476598000000001,natural
100,0.1,0.025,-1,3,4.229661000000001,natural
100,0.1,0.025,-1,4,5.007515000000001,natural
100,0.1,0.025,-10,1,46.26519,natural
100,0.1,0.025,-10,2,19.296136,natural
100,0.1,0.025,-10,3,23.509769000000002,natural
100,0.1,0.025,-10,4,20.947395,natural
100,0.1,0.05,0,1,3.9958820000000004,natural
100,0.1,0.05,0,2,24.154550000000004,natural
100,0.1,0.05,0,3,20.056706000000002,natural
100,0.1,0.05,0,4,23.05243,natural
100,0.1,0.05,1,1,5.276580000000001,natural
100,0.1,0.05,1,2,28.572181,natural
100,0.1,0.05,1,3,23.710736,natural
100,0.1,0.05,1,4,26.442243,natural
100,0.1,0.05,10,1,36.592665000000004,natural
100,0.1,0.05,10,2,64.427631,natural
100,0.1,0.05,10,3,59.359804000000004,natural
100,0.1,0.05,10,4,61.04496000000001,natural
100,0.1,0.05,-1,1,3.0728150000000007,natural
100,0.1,0.05,-1,2,20.965434000000002,natural
100,0.1,0.05,-1,3,15.855371000000002,natural
100,0.1,0.05,-1,4,19.48761,natural
100,0.1,0.05,-10,1,27.772043999999998,natural
100,0.1,0.05,-10,2,4.889811,natural
100,0.1,0.05,-10,3,7.876939999999999,natural
100,0.1,0.05,-10,4,5.593501000000001,natural
100,0.1,0.1,0,1,36.786531000000004,natural
100,0.1,0.1,0,2,63.618412000000006,natural
100,0.1,0.1,0,3,58.823804,natural
100,0.1,0.1,0,4,62.701516000000005,natural
100,0.1,0.1,1,1,40.688826,natural
100,0.1,0.1,1,2,68.54952800000001,natural
100,0.1,0.1,1,3,63.180870000000006,natural
100,0.1,0.1,1,4,65.76402,natural
100,0.1,0.1,10,1,76.41797700000001,natural
100,0.1,0.1,10,2,104.395008,natural
100,0.1,0.1,10,3,98.425337,natural
100,0.1,0.1,10,4,102.48729900000001,natural
100,0.1,0.1,-1,1,34.073517,natural
100,0.1,0.1,-1,2,61.074864000000005,natural
100,0.1,0.1,-1,3,54.758515,natural
100,0.1,0.1,-1,4,58.498273000000005,natural
100,0.1,0.1,-10,1,4.301281000000001,natural
100,0.1,0.1,-10,2,25.192809,natural
100,0.1,0.1,-10,3,20.48182,natural
100,0.1,0.1,-10,4,22.771616,natural
100,0.1,-0.01,0,1,27.287199,natural
100,0.1,-0.01,0,2,4.508063,natural
100,0.1,-0.01,0,3,7.418083,natural
100,0.1,-0.01,0,4,5.262404000000001,natural
100,0.1,-0.01,1,1,23.279169,natural
100,0.1,-0.01,1,2,3.1115580000000005,natural
100,0.1,-0.01,1,3,4.689603,natural
100,0.1,-0.01,1,4,3.7548950000000003,natural
100,0.1,-0.01,10,1,4.316953000000001,natural
100,0.1,-0.01,10,2,26.201813,natural
100,0.1,-0.01,10,3,20.701917,natural
100,0.1,-0.01,10,4,23.727376,natural
100,0.1,-0.01,-1,1,30.841788,natural
100,0.1,-0.01,-1,2,6.2097880000000005,natural
100,0.1,-0.01,-1,3,9.889788000000001,natural
100,0.1,-0.01,-1,4,7.563788,natural
100,0.1,-0.01,-10,1,68.601029,natural
100,0.1,-0.01,-10,2,40.890625,natural
100,0.1,-0.01,-10,3,45.757055,natural
100,0.1,-0.01,-10,4,43.670173,natural
100,0.1,-0.025,0,1,34.958843,natural
100,0.1,-0.025,0,2,9.830185,natural
100,0.1,-0.025,0,3,13.855696,natural
100,0.1,-0.025,0,4,11.688193,natural
100,0.1,-0.025,1,1,31.488415,natural
100,0.1,-0.025,1,2,7.058146,natural
100,0.1,-0.025,1,3,9.765864,natural
100,0.1,-0.025,1,4,8.014121,natural
100,0.1,-0.025,10,1,3.2615650000000005,natural
100,0.1,-0.025,10,2,17.962043,natural
100,0.1,-0.025,10,3,12.851169000000002,natural
100,0.1,-0.025,10,4,16.146296000000003,natural
100,0.1,-0.025,-1,1,38.431180999999995,natural
100,0.1,-0.025,-1,2,13.192026,natural
100,0.1,-0.025,-1,3,17.522988,natural
100,0.1,-0.025,-1,4,14.893296000000001,natural
100,0.1,-0.025,-10,1,72.708373,natural
100,0.1,-0.025,-10,2,47.025253,natural
100,0.1,-0.025,-10,3,52.261607,natural
100,0.1,-0.025,-10,4,48.823108,natural
100,0.1,-0.05,0,1,48.115852,natural
100,0.1,-0.05,0,2,20.884639,natural
100,0.1,-0.05,0,3,26.115852,natural
100,0.1,-0.05,0,4,22.862638999999998,natural
100,0.1,-0.05,1,1,44.329602,natural
100,0.1,-0.05,1,2,17.646456999999998,natural
100,0.1,-0.05,1,3,22.134956,natural
100,0.1,-0.05,1,4,20.118847,natural
100,0.1,-0.05,10,1,8.946123,natural
100,0.1,-0.05,10,2,7.494486000000001,natural
100,0.1,-0.05,10,3,4.464095,natural
100,0.1,-0.05,10,4,6.178403000000001,natural
100,0.1,-0.05,-1,1,52.342850999999996,natural
100,0.1,-0.05,-1,2,25.572266,natural
100,0.1,-0.05,-1,3,30.583199,natural
100,0.1,-0.05,-1,4,28.180332,natural
100,0.1,-0.05,-10,1,76.285935,natural
100,0.1,-0.05,-10,2,49.796271000000004,natural
100,0.1,-0.05,-10,3,54.123777000000004,natural
100,0.1,-0.05,-10,4,51.213301,natural
100,0.1,-0.1,0,1,71.598188,natural
100,0.1,-0.1,0,2,44.447198,natural
100,0.1,-0.1,0,3,49.223229999999994,natural
100,0.1,-0.1,0,4,46.506129,natural
100,0.1,-0.1,1,1,67.726863,natural
100,0.1,-0.1,1,2,39.917241000000004,natural
100,0.1,-0.1,1,3,44.755388999999994,natural
100,0.1,-0.1,1,4,42.203933,natural
100,0.1,-0.1,10,1,30.661803,natural
100,0.1,-0.1,10,2,5.625395,natural
100,0.1,-0.1,10,3,9.209491,natural
100,0.1,-0.1,10,4,7.641248,natural
100,0.1,-0.1,-1,1,72.66328,natural
100,0.1,-0.1,-1,2,45.880545,natural
100,0.1,-0.1,-1,3,50.062878,natural
100,0.1,-0.1,-1,4,47.706152,natural
100,0.1,-0.1,-10,1,81.498288,natural
100,0.1,-0.1,-10,2,54.340135000000004,natural
100,0.1,-0.1,-10,3,60.172981,natural
100,0.1,-0.1,-10,4,57.169756,natural
100,-0.01,0,1,1,21.531634999999998,natural
100,-0.01,0,1,2,6.154874,natural
100,-0.01,0,1,3,9.304355000000001,natural
100,-0.01,0,1,4,2.296217,natural
100,-0.01,0,10,1,5.345161000000001,natural
100,-0.01,0,10,2,40.348826,natural
100,-0.01,0,10,3,43.57329300000001,natural
100,-0.01,0,10,4,29.175345,natural
100,-0.01,0,-1,1,23.720735,natural
100,-0.01,0,-1,2,4.760305000000001,natural
100,-0.01,0,-1,3,7.57214,natural
100,-0.01,0,-1,4,2.6298150000000002,natural
100,-0.01,0,-10,1,32.270896,natural
100,-0.01,0,-10,2,2.364561,natural
100,-0.01,0,-10,3,2.475275000000001,natural
100,-0.01,0,-10,4,6.801,natural
100,-0.01,0.01,0,1,21.260917,natural
100,-0.01,0.01,0,2,6.177907000000001,natural
100,-0.01,0.01,0,3,9.444866,natural
100,-0.01,0.01,0,4,2.2995010000000002,natural
100,-0.01,0.01,1,1,17.346342,natural
100,-0.01,0.01,1,2,9.120222000000002,natural
100,-0.01,0.01,1,3,12.93717,natural
100,-0.01,0.01,1,4,3.0148090000000005,natural
100,-0.01,0.01,10,1,7.707368000000001,natural
100,-0.01,0.01,10,2,43.294118000000005,natural
100,-0.01,0.01,10,3,47.471066,natural
100,-0.01,0.01,10,4,33.94411,natural
100,-0.01,0.01,-1,1,22.065528999999998,natural
100,-0.01,0.01,-1,2,5.550572000000001,natural
100,-0.01,0.01,-1,3,8.273355000000002,natural
100,-0.01,0.01,-1,4,2.398146,natural
100,-0.01,0.01,-10,1,31.356397,natural
100,-0.01,0.01,-10,2,2.2755220000000005,natural
100,-0.01,0.01,-10,3,2.9137520000000006,natural
100,-0.01,0.01,-10,4,6.07268,natural
100,-0.01,0.025,0,1,14.9876,natural
100,-0.01,0.025,0,2,10.742372000000001,natural
100,-0.01,0.025,0,3,14.86603,natural
100,-0.01,0.025,0,4,3.465550000000001,natural
100,-0.01,0.025,1,1,12.022591,natural
100,-0.01,0.025,1,2,14.721956,natural
100,-0.01,0.025,1,3,18.339393,natural
100,-0.01,0.025,1,4,6.087277000000001,natural
100,-0.01,0.025,10,1,13.126524000000002,natural
100,-0.01,0.025,10,2,50.130785,natural
100,-0.01,0.025,10,3,52.773425,natural
100,-0.01,0.025,10,4,39.324602,natural
100,-0.01,0.025,-1,1,19.675545999999997,natural
100,-0.01,0.025,-1,2,7.308366000000001,natural
100,-0.01,0.025,-1,3,11.270916000000001,natural
100,-0.01,0.025,-1,4,2.5116400000000003,natural
100,-0.01,0.025,-10,1,29.808031,natural
100,-0.01,0.025,-10,2,2.3863830000000004,natural
100,-0.01,0.025,-10,3,3.5386190000000006,natural
100,-0.01,0.025,-10,4,4.823815000000001,natural
100,-0.01,0.05,0,1,5.818614,natural
100,-0.01,0.05,0,2,21.254131,natural
100,-0.01,0.05,0,3,26.054362,natural
100,-0.01,0.05,0,4,12.186112000000001,natural
100,-0.01,0.05,1,1,3.516413,natural
100,-0.01,0.05,1,2,25.299026,natural
100,-0.01,0.05,1,3,28.863771,natural
100,-0.01,0.05,1,4,14.797380000000002,natural
100,-0.01,0.05,10,1,23.713078000000003,natural
100,-0.01,0.05,10,2,61.04953700000001,natural
100,-0.01,0.05,10,3,64.408867,natural
100,-0.01,0.05,10,4,50.562669,natural
100,-0.01,0.05,-1,1,8.962273999999999,natural
100,-0.01,0.05,-1,2,17.894498,natural
100,-0.01,0.05,-1,3,21.160274,natural
100,-0.01,0.05,-1,4,8.578498000000002,natural
100,-0.01,0.05,-10,1,27.541324,natural
100,-0.01,0.05,-10,2,3.0477700000000003,natural
100,-0.01,0.05,-10,3,4.862909000000001,natural
100,-0.01,0.05,-10,4,3.661138,natural
100,-0.01,0.1,0,1,10.39248,natural
100,-0.01,0.1,0,2,46.345431000000005,natural
100,-0.01,0.1,0,3,50.038597,natural
100,-0.01,0.1,0,4,36.336738000000004,natural
100,-0.01,0.1,1,1,13.909298000000001,natural
100,-0.01,0.1,1,2,50.86451400000001,natural
100,-0.01,0.1,1,3,54.777789000000006,natural
100,-0.01,0.1,1,4,40.213291000000005,natural
100,-0.01,0.1,10,1,48.56796,natural
100,-0.01,0.1,10,2,85.903529,natural
100,-0.01,0.1,10,3,88.830958,natural
100,-0.01,0.1,10,4,75.052352,natural
100,-0.01,0.1,-1,1,7.174094000000001,natural
100,-0.01,0.1,-1,2,42.915806,natural
100,-0.01,0.1,-1,3,46.478926,natural
100,-0.01,0.1,-1,4,33.022137,natural
100,-0.01,0.1,-10,1,17.751591,natural
100,-0.01,0.1,-10,2,8.189766,natural
100,-0.01,0.1,-10,3,11.496631,natural
100,-0.01,0.1,-10,4,2.7852440000000005,natural
100,-0.01,-0.01,0,1,23.207898,natural
100,-0.01,-0.01,0,2,4.869908000000001,natural
100,-0.01,-0.01,0,3,8.158898,natural
100,-0.01,-0.01,0,4,2.6262790000000007,natural
100,-0.01,-0.01,1,1,22.060243,natural
100,-0.01,-0.01,1,2,5.628053000000001,natural
100,-0.01,-0.01,1,3,8.321014000000002,natural
100,-0.01,-0.01,1,4,2.345012,natural
100,-0.01,-0.01,10,1,3.3743990000000004,natural
100,-0.01,-0.01,10,2,35.63772,natural
100,-0.01,-0.01,10,3,39.793602,natural
100,-0.01,-0.01,10,4,25.248082000000004,natural
100,-0.01,-0.01,-1,1,24.78482,natural
100,-0.01,-0.01,-1,2,4.249079000000001,natural
100,-0.01,-0.01,-1,3,7.066300000000001,natural
100,-0.01,-0.01,-1,4,2.585422,natural
100,-0.01,-0.01,-10,1,33.786789,natural
100,-0.01,-0.01,-10,2,2.3510490000000006,natural
100,-0.01,-0.01,-10,3,2.417028,natural
100,-0.01,-0.01,-10,4,7.7324600000000006,natural
100,-0.01,-0.025,0,1,25.300081,natural
100,-0.01,-0.025,0,2,4.195506,natural
100,-0.01,-0.025,0,3,6.089886000000001,natural
100,-0.01,-0.025,0,4,2.6619270000000004,natural
100,-0.01,-0.025,1,1,23.850258,natural
100,-0.01,-0.025,1,2,4.988619000000001,natural
100,-0.01,-0.025,1,3,7.0661190000000005,natural
100,-0.01,-0.025,1,4,2.5607780000000004,natural
100,-0.01,-0.025,10,1,2.7440130000000003,natural
100,-0.01,-0.025,10,2,30.167733000000002,natural
100,-0.01,-0.025,10,3,34.209756,natural
100,-0.01,-0.025,10,4,20.879596000000003,natural
100,-0.01,-0.025,-1,1,26.337168,natural
100,-0.01,-0.025,-1,2,3.9061380000000003,natural
100,-0.01,-0.025,-1,3,5.540520000000001,natural
100,-0.01,-0.025,-1,4,3.135163,natural
100,-0.01,-0.025,-10,1,34.779762000000005,natural
100,-0.01,-0.025,-10,2,2.711831,natural
100,-0.01,-0.025,-10,3,2.147508,natural
100,-0.01,-0.025,-10,4,9.161561,natural
100,-0.01,-0.05,0,1,26.560839,natural
100,-0.01,-0.05,0,2,3.0384720000000005,natural
100,-0.01,-0.05,0,3,5.074611000000001,natural
100,-0.01,-0.05,0,4,3.51681,natural
100,-0.01,-0.05,1,1,26.871508,natural
100,-0.01,-0.05,1,2,3.195490000000001,natural
100,-0.01,-0.05,1,3,5.773591000000001,natural
100,-0.01,-0.05,1,4,3.2535770000000004,natural
100,-0.01,-0.05,10,1,5.044881,natural
100,-0.01,-0.05,10,2,22.944196,natural
100,-0.01,-0.05,10,3,26.82375,natural
100,-0.01,-0.05,10,4,12.382144,natural
100,-0.01,-0.05,-1,1,28.740775,natural
100,-0.01,-0.05,-1,2,2.7837780000000003,natural
100,-0.01,-0.05,-1,3,4.808809,natural
100,-0.01,-0.05,-1,4,4.411674,natural
100,-0.01,-0.05,-10,1,37.924023000000005,natural
100,-0.01,-0.05,-10,2,3.694134,natural
100,-0.01,-0.05,-10,3,2.2953630000000005,natural
100,-0.01,-0.05,-10,4,10.528167999999999,natural
100,-0.01,-0.1,0,1,32.056209,natural
100,-0.01,-0.1,0,2,2.286206,natural
100,-0.01,-0.1,0,3,2.9375810000000007,natural
100,-0.01,-0.1,0,4,6.338674,natural
100,-0.01,-0.1,1,1,31.465789,natural
100,-0.01,-0.1,1,2,2.1646070000000006,natural
100,-0.01,-0.1,1,3,3.172477,natural
100,-0.01,-0.1,1,4,5.983388,natural
100,-0.01,-0.1,10,1,16.842805000000002,natural
100,-0.01,-0.1,10,2,9.578693000000001,natural
100,-0.01,-0.1,10,3,13.067500000000003,natural
100,-0.01,-0.1,10,4,3.3989400000000005,natural
100,-0.01,-0.1,-1,1,32.984772,natural
100,-0.01,-0.1,-1,2,2.3579260000000004,natural
100,-0.01,-0.1,-1,3,2.3795650000000004,natural
100,-0.01,-0.1,-1,4,7.607785,natural
100,-0.01,-0.1,-10,1,42.69072799999999,natural
100,-0.01,-0.1,-10,2,6.200267,natural
100,-0.01,-0.1,-10,3,3.9758900000000006,natural
100,-0.01,-0.1,-10,4,15.953593,natural
100,-0.1,0,1,1,2.1571110000000004,natural
100,-0.1,0,1,2,11.797205,natural
100,-0.1,0,1,3,2.9505520000000005,natural
100,-0.1,0,1,4,3.9100670000000006,natural
100,-0.1,0,10,1,9.529521,natural
100,-0.1,0,10,2,2.5541400000000003,natural
100,-0.1,0,10,3,14.380976,natural
100,-0.1,0,10,4,16.705404,natural
100,-0.1,0,-1,1,2.5211010000000003,natural
100,-0.1,0,-1,2,12.797825,natural
100,-0.1,0,-1,3,2.4611030000000005,natural
100,-0.1,0,-1,4,3.2315590000000007,natural
100,-0.1,0,-10,1,7.031414,natural
100,-0.1,0,-10,2,22.766540000000003,natural
100,-0.1,0,-10,3,3.702226,natural
100,-0.1,0,-10,4,3.147081,natural
100,-0.1,0.01,0,1,2.2129460000000005,natural
100,-0.1,0.01,0,2,11.556669,natural
100,-0.1,0.01,0,3,3.2711310000000005,natural
100,-0.1,0.01,0,4,3.7865800000000003,natural
100,-0.1,0.01,1,1,2.3248880000000005,natural
100,-0.1,0.01,1,2,10.512042,natural
100,-0.1,0.01,1,3,3.4568220000000007,natural
100,-0.1,0.01,1,4,4.8747430000000005,natural
100,-0.1,0.01,10,1,12.247337000000002,natural
100,-0.1,0.01,10,2,2.6533800000000007,natural
100,-0.1,0.01,10,3,16.891159,natural
100,-0.1,0.01,10,4,19.154034,natural
100,-0.1,0.01,-1,1,2.379084,natural
100,-0.1,0.01,-1,2,12.328894,natural
100,-0.1,0.01,-1,3,2.617227,natural
100,-0.1,0.01,-1,4,3.1907770000000006,natural
100,-0.1,0.01,-10,1,6.604346,natural
100,-0.1,0.01,-10,2,21.48353,natural
100,-0.1,0.01,-10,3,3.68916,natural
100,-0.1,0.01,-10,4,2.6486580000000006,natural
100,-0.1,0.025,0,1,2.2520780000000005,natural
100,-0.1,0.025,0,2,10.866703,natural
100,-0.1,0.025,0,3,3.6554930000000003,natural
100,-0.1,0.025,0,4,4.752353000000001,natural
100,-0.1,0.025,1,1,2.4176180000000005,natural
100,-0.1,0.025,1,2,9.061753999999999,natural
100,-0.1,0.025,1,3,4.186250000000001,natural
100,-0.1,0.025,1,4,4.922299000000001,natural
100,-0.1,0.025,10,1,15.996855000000002,natural
100,-0.1,0.025,10,2,3.9060020000000004,natural
100,-0.1,0.025,10,3,21.175552,natural
100,-0.1,0.025,10,4,23.137655000000002,natural
100,-0.1,0.025,-1,1,2.2222060000000003,natural
100,-0.1,0.025,-1,2,11.089478,natural
100,-0.1,0.025,-1,3,3.0937990000000006,natural
100,-0.1,0.025,-1,4,3.9602370000000007,natural
100,-0.1,0.025,-10,1,5.5236350000000005,natural
100,-0.1,0.025,-10,2,19.946857,natural
100,-0.1,0.025,-10,3,2.8606570000000002,natural
100,-0.1,0.025,-10,4,2.43292,natural
100,-0.1,0.05,0,1,2.4188470000000004,natural
100,-0.1,0.05,0,2,8.562983000000001,natural
100,-0.1,0.05,0,3,4.754187000000001,natural
100,-0.1,0.05,0,4,5.910801,natural
100,-0.1,0.05,1,1,3.0980760000000007,natural
100,-0.1,0.05,1,2,7.149613,natural
100,-0.1,0.05,1,3,5.525659000000001,natural
100,-0.1,0.05,1,4,6.495915000000001,natural
100,-0.1,0.05,10,1,23.732821,natural
100,-0.1,0.05,10,2,9.043181,natural
100,-0.1,0.05,10,3,28.505444000000004,natural
100,-0.1,0.05,10,4,31.234521,natural
100,-0.1,0.05,-1,1,2.6530450000000005,natural
100,-0.1,0.05,-1,2,9.044197,natural
100,-0.1,0.05,-1,3,4.246627,natural
100,-0.1,0.05,-1,4,5.420664,natural
100,-0.1,0.05,-10,1,4.158756,natural
100,-0.1,0.05,-10,2,17.800803000000002,natural
100,-0.1,0.05,-10,3,2.3011270000000006,natural
100,-0.1,0.05,-10,4,2.1848060000000005,natural
100,-0.1,0.1,0,1,4.781366000000001,natural
100,-0.1,0.1,0,2,5.158988000000001,natural
100,-0.1,0.1,0,3,7.799164000000001,natural
100,-0.1,0.1,0,4,10.128941000000001,natural
100,-0.1,0.1,1,1,7.185615000000001,natural
100,-0.1,0.1,1,2,3.029037,natural
100,-0.1,0.1,1,3,11.633037,natural
100,-0.1,0.1,1,4,13.463037,natural
100,-0.1,0.1,10,1,41.772753,natural
100,-0.1,0.1,10,2,24.754701,natural
100,-0.1,0.1,10,3,46.771485,natural
100,-0.1,0.1,10,4,48.674142,natural
100,-0.1,0.1,-1,1,3.9949720000000006,natural
100,-0.1,0.1,-1,2,5.456104000000001,natural
100,-0.1,0.1,-1,3,7.295995000000001,natural
100,-0.1,0.1,-1,4,8.939728,natural
100,-0.1,0.1,-10,1,2.5362780000000003,natural
100,-0.1,0.1,-10,2,13.002654000000001,natural
100,-0.1,0.1,-10,3,2.6230830000000007,natural
100,-0.1,0.1,-10,4,3.246778000000001,natural
100,-0.1,-0.01,0,1,2.5301000000000005,natural
100,-0.1,-0.01,0,2,12.956712,natural
100,-0.1,-0.01,0,3,2.7219100000000003,natural
100,-0.1,-0.01,0,4,3.1470090000000006,natural
100,-0.1,-0.01,1,1,2.3792520000000006,natural
100,-0.1,-0.01,1,2,12.566136,natural
100,-0.1,-0.01,1,3,2.6902830000000004,natural
100,-0.1,-0.01,1,4,3.5964650000000007,natural
100,-0.1,-0.01,10,1,7.4782980000000006,natural
100,-0.1,-0.01,10,2,3.058152,natural
100,-0.1,-0.01,10,3,11.984254000000002,natural
100,-0.1,-0.01,10,4,13.376477000000001,natural
100,-0.1,-0.01,-1,1,2.8142240000000003,natural
100,-0.1,-0.01,-1,2,13.973735999999999,natural
100,-0.1,-0.01,-1,3,2.203765,natural
100,-0.1,-0.01,-1,4,2.535785,natural
100,-0.1,-0.01,-10,1,8.290728,natural
100,-0.1,-0.01,-10,2,22.860267,natural
100,-0.1,-0.01,-10,3,4.555890000000001,natural
100,-0.1,-0.01,-10,4,3.5715930000000005,natural
100,-0.1,-0.025,0,1,3.033567,natural
100,-0.1,-0.025,0,2,14.535877999999999,natural
100,-0.1,-0.025,0,3,2.2341170000000004,natural
100,-0.1,-0.025,0,4,2.5102810000000004,natural
100,-0.1,-0.025,1,1,2.7211950000000003,natural
100,-0.1,-0.025,1,2,13.397103,natural
100,-0.1,-0.025,1,3,2.3994780000000007,natural
100,-0.1,-0.025,1,4,3.0578100000000004,natural
100,-0.1,-0.025,10,1,5.053986000000001,natural
100,-0.1,-0.025,10,2,4.348416,natural
100,-0.1,-0.025,10,3,8.85396,natural
100,-0.1,-0.025,10,4,10.422150000000002,natural
100,-0.1,-0.025,-1,1,3.279443,natural
100,-0.1,-0.025,-1,2,16.184513,natural
100,-0.1,-0.025,-1,3,2.318483,natural
100,-0.1,-0.025,-1,4,2.3080560000000006,natural
100,-0.1,-0.025,-10,1,9.674079,natural
100,-0.1,-0.025,-10,2,24.372296,natural
100,-0.1,-0.025,-10,3,5.072135,natural
100,-0.1,-0.025,-10,4,4.168135,natural
100,-0.1,-0.05,0,1,3.7103340000000005,natural
100,-0.1,-0.05,0,2,16.930761999999998,natural
100,-0.1,-0.05,0,3,2.256927,natural
100,-0.1,-0.05,0,4,2.1021240000000003,natural
100,-0.1,-0.05,1,1,3.1824850000000002,natural
100,-0.1,-0.05,1,2,15.466331,natural
100,-0.1,-0.05,1,3,2.1683960000000004,natural
100,-0.1,-0.05,1,4,2.4076160000000004,natural
100,-0.1,-0.05,10,1,2.9562630000000003,natural
100,-0.1,-0.05,10,2,7.404263,natural
100,-0.1,-0.05,10,3,5.364263000000001,natural
100,-0.1,-0.05,10,4,6.774263000000001,natural
100,-0.1,-0.05,-1,1,4.175602,natural
100,-0.1,-0.05,-1,2,17.547869,natural
100,-0.1,-0.05,-1,3,2.3900470000000005,natural
100,-0.1,-0.05,-1,4,2.1400170000000003,natural
100,-0.1,-0.05,-10,1,11.076619,natural
100,-0.1,-0.05,-10,2,26.740419,natural
100,-0.1,-0.05,-10,3,6.882033000000001,natural
100,-0.1,-0.05,-10,4,5.418006999999999,natural
100,-0.1,-0.1,0,1,6.5228720000000004,natural
100,-0.1,-0.1,0,2,20.945413000000002,natural
100,-0.1,-0.1,0,3,3.2728580000000003,natural
100,-0.1,-0.1,0,4,2.491417,natural
100,-0.1,-0.1,1,1,5.377056,natural
100,-0.1,-0.1,1,2,20.3293,natural
100,-0.1,-0.1,1,3,2.9571140000000002,natural
100,-0.1,-0.1,1,4,2.3632610000000005,natural
100,-0.1,-0.1,10,1,2.1031500000000003,natural
100,-0.1,-0.1,10,2,11.483469,natural
100,-0.1,-0.1,10,3,3.2152210000000006,natural
100,-0.1,-0.1,10,4,4.154947000000001,natural
100,-0.1,-0.1,-1,1,6.925307,natural
100,-0.1,-0.1,-1,2,21.907152,natural
100,-0.1,-0.1,-1,3,3.682848,natural
100,-0.1,-0.1,-1,4,2.720732,natural
100,-0.1,-0.1,-10,1,15.531311,natural
100,-0.1,-0.1,-10,2,31.391468999999997,natural
100,-0.1,-0.1,-10,3,10.389117,natural
100,-0.1,-0.1,-10,4,8.471350000000001,natural
